Date,Open,High,Low,Close,Volume
2018-01-02,32.09,32.93,32.09,32.93,9178100.0
2018-01-03,33.1,33.42,32.82,33.35,8180700.0
2018-01-04,33.52,33.96,33.45,33.67,9625200.0
2018-01-05,33.7,33.9,33.29,33.67,5267800.0
2018-01-08,33.64,33.75,33.34,33.75,5130600.0
2018-01-09,33.59,33.8,33.38,33.43,5822500.0
2018-01-10,33.2,33.59,32.82,33.29,5070000.0
2018-01-11,33.43,34.22,33.35,34.05,9684400.0
2018-01-12,33.67,34.16,33.62,34.13,7650400.0
2018-01-15,34.13,34.45,34.13,34.3,5244600.0
2018-01-16,34.47,34.69,34.33,34.6,6219300.0
2018-01-17,34.61,35.57,34.46,35.42,12134800.0
2018-01-18,35.58,35.58,34.73,35.18,9429400.0
2018-01-19,35.31,35.8,34.95,34.95,8142700.0
2018-01-22,35.0,35.2,34.52,35.07,6341000.0
2018-01-23,34.97,35.49,34.7,35.2,17731400.0
2018-01-24,35.5,37.99,35.44,37.99,27722100.0
2018-01-26,38.4,39.5,38.15,39.17,24260100.0
2018-01-29,38.91,39.2,38.51,38.95,13322200.0
2018-01-30,38.47,38.95,38.3,38.8,10832100.0
2018-01-31,39.4,40.1,39.4,39.68,12752900.0
2018-02-01,39.43,40.05,39.38,39.79,10992500.0
2018-02-02,39.3,39.59,39.05,39.25,8409600.0
2018-02-05,38.8,39.41,38.03,38.08,6043400.0
2018-02-06,37.65,40.08,37.31,39.75,13040200.0
2018-02-07,39.73,40.61,39.49,39.79,13992300.0
2018-02-08,40.01,40.22,38.54,38.54,12651200.0
2018-02-09,38.66,38.79,37.26,37.82,10066800.0
2018-02-14,38.05,39.74,38.05,39.56,10787900.0
2018-02-15,40.0,40.2,39.6,39.9,11229500.0
2018-02-16,40.13,40.31,39.7,40.3,6577100.0
2018-02-19,40.2,40.56,39.18,39.63,4608900.0
2018-02-20,39.25,40.93,39.13,40.8,8990400.0
2018-02-21,40.7,41.44,40.7,41.12,11831700.0
2018-02-22,43.13,43.28,42.14,42.4,17075800.0
2018-02-23,42.5,42.69,41.95,42.4,8615600.0
2018-02-26,42.52,43.11,42.52,43.02,6994200.0
2018-02-27,42.85,43.1,42.3,42.6,5957000.0
2018-02-28,42.3,42.88,41.52,41.8,7773500.0
2018-03-01,41.78,42.25,41.6,42.1,7234200.0
2018-03-02,41.56,42.41,41.2,42.2,5683600.0
2018-03-05,42.25,42.88,41.92,42.55,6035900.0
2018-03-06,42.8,43.96,42.8,43.49,14942600.0
2018-03-07,43.1,43.6,42.61,43.19,7905300.0
2018-03-08,44.0,44.3,42.88,43.42,8983800.0
2018-03-09,43.51,44.05,43.09,43.71,9173400.0
2018-03-12,43.71,43.71,43.0,43.48,8734600.0
2018-03-13,43.48,43.57,42.69,42.85,8468600.0
2018-03-14,42.99,43.08,42.01,42.48,14923400.0
2018-03-15,42.19,42.43,41.69,42.39,8744700.0
2018-03-16,42.5,42.82,42.09,42.4,23426600.0
2018-03-19,42.2,42.33,41.33,41.4,10439000.0
2018-03-20,41.69,41.82,41.07,41.56,5975000.0
2018-03-21,41.52,42.3,41.28,42.25,12071400.0
2018-03-22,41.89,42.53,41.14,41.49,7847100.0
2018-03-23,41.12,41.9,40.76,41.2,8919200.0
2018-03-26,41.79,41.9,41.18,41.48,4081800.0
2018-03-27,41.71,41.75,40.05,40.45,11304300.0
2018-03-28,40.1,40.57,39.73,40.32,7943300.0
2018-03-29,40.61,41.5,40.45,41.03,7504700.0
2018-04-02,40.25,40.25,40.25,40.25,7692700.0
2018-04-03,40.37,40.75,39.59,39.72,6417300.0
2018-04-04,38.81,40.05,38.72,40.05,7648700.0
2018-04-05,41.74,41.75,40.88,41.22,11963600.0
2018-04-06,41.02,41.02,40.02,40.68,7735300.0
2018-04-09,40.68,40.91,38.74,39.2,8322200.0
2018-04-10,39.83,39.83,38.21,38.73,12980800.0
2018-04-11,38.4,39.45,38.4,39.05,5601700.0
2018-04-12,39.12,39.45,38.9,38.95,5842000.0
2018-04-13,39.0,39.15,37.64,37.64,9991000.0
2018-04-16,37.9,38.19,36.3,36.3,11328800.0
2018-04-17,36.68,37.31,36.5,37.17,7460800.0
2018-04-18,37.33,38.5,37.33,38.02,11585300.0
2018-04-19,38.13,38.2,37.6,38.04,9874100.0
2018-04-20,37.67,37.95,37.35,37.62,5198800.0
2018-04-23,37.35,37.36,36.48,36.94,9371400.0
2018-04-24,37.11,37.38,36.34,36.58,9899100.0
2018-04-25,36.33,37.13,35.9,37.06,6976100.0
2018-04-26,37.33,37.57,36.97,37.35,6280800.0
2018-04-27,37.6,37.84,37.19,37.35,6139500.0
2018-04-30,37.5,37.6,36.55,36.7,5463100.0
2018-05-02,36.5,36.71,35.8,36.02,6485500.0
2018-05-03,36.0,36.22,35.0,35.0,8714600.0
2018-05-04,35.0,35.31,34.62,34.93,7016500.0
2018-05-07,35.18,35.67,34.89,34.89,7373100.0
2018-05-08,35.15,36.19,35.0,35.84,8857700.0
2018-05-09,36.1,37.35,35.96,37.35,13023000.0
2018-05-10,36.97,36.97,35.81,35.98,20335400.0
2018-05-11,36.32,36.54,35.59,35.81,9100200.0
2018-05-14,35.81,36.23,34.4,34.92,8760900.0
2018-05-15,34.4,34.4,33.69,33.97,12095200.0
2018-05-16,34.0,34.73,34.0,34.47,7450900.0
2018-05-17,34.39,34.39,32.85,32.87,13645100.0
2018-05-18,32.3,32.96,31.6,32.69,11771200.0
2018-05-21,33.49,33.49,31.9,31.91,9418700.0
2018-05-22,32.15,32.83,31.93,32.4,10672700.0
2018-05-23,32.0,32.25,31.6,31.7,8806300.0
2018-05-24,30.6,31.2,30.19,30.73,20226000.0
2018-05-25,31.16,31.29,29.95,30.09,9675400.0
2018-05-28,29.7,29.7,27.73,27.88,14470600.0
2018-05-29,28.6,28.95,27.81,28.51,14507400.0
2018-05-30,28.55,30.37,28.54,30.37,21463300.0
2018-06-01,31.14,31.28,29.12,30.66,20100500.0
2018-06-04,31.22,31.4,30.78,31.1,8330600.0
2018-06-05,30.85,30.96,29.07,29.12,11878500.0
2018-06-06,29.0,29.24,27.68,27.68,14058600.0
2018-06-07,27.1,27.27,25.0,26.57,26468200.0
2018-06-08,26.85,27.78,25.16,26.95,22485200.0
2018-06-11,27.4,27.6,26.01,26.06,10017700.0
2018-06-12,26.3,27.32,26.07,26.99,13890200.0
2018-06-13,27.0,27.25,25.94,26.5,15972100.0
2018-06-14,26.75,26.88,25.3,25.3,14583500.0
2018-06-15,25.3,25.4,24.31,25.0,29958900.0
2018-06-18,24.78,25.35,24.52,24.52,11122300.0
2018-06-19,24.26,26.8,24.14,26.24,15742000.0
2018-06-20,26.74,27.03,26.12,27.0,16621300.0
2018-06-21,26.78,26.98,25.91,26.01,10226000.0
2018-06-22,26.33,26.62,25.89,26.1,8659000.0
2018-06-25,26.35,27.0,25.97,26.86,11049500.0
2018-06-26,27.06,27.48,26.77,27.18,11911000.0
2018-06-27,27.18,28.17,26.53,26.62,14615400.0
2018-06-28,26.53,28.15,26.53,28.15,11095000.0
2018-06-29,28.58,28.9,28.05,28.65,13735900.0
2018-07-02,28.28,29.4,28.2,29.39,8584400.0
2018-07-03,29.64,30.1,29.54,29.65,10067700.0
2018-07-04,29.84,30.54,29.46,30.5,6323800.0
2018-07-05,30.68,30.79,29.61,29.79,9800900.0
2018-07-06,29.54,30.04,29.06,29.46,9108700.0
2018-07-10,29.9,30.21,29.0,29.21,14516200.0
2018-07-11,28.95,29.98,28.71,29.79,14528100.0
2018-07-12,29.9,30.54,29.9,30.36,9948200.0
2018-07-13,30.3,31.13,30.16,31.13,10013400.0
2018-07-16,31.08,31.37,30.45,30.79,8855100.0
2018-07-17,30.63,32.1,30.57,31.82,11564100.0
2018-07-18,31.8,32.23,31.39,31.62,12819400.0
2018-07-19,31.17,31.34,30.37,31.34,27112400.0
2018-07-20,32.5,33.33,32.07,33.0,19529100.0
2018-07-23,33.0,33.2,32.63,32.78,5528900.0
2018-07-24,33.2,33.42,32.88,33.04,6406200.0
2018-07-25,33.14,33.74,33.14,33.57,8287400.0
2018-07-26,33.54,33.67,32.41,32.48,7584300.0
2018-07-27,32.7,33.3,32.45,32.88,6622500.0
2018-07-30,33.0,33.25,32.77,32.89,4748000.0
2018-07-31,32.76,32.84,32.09,32.5,6938700.0
2018-08-01,32.22,33.25,32.22,32.97,7603200.0
2018-08-02,32.75,33.6,32.65,33.23,7740000.0
2018-08-03,33.52,34.52,33.43,34.23,12682900.0
2018-08-06,34.36,34.5,33.92,34.3,5018200.0
2018-08-07,34.4,34.67,33.17,33.57,9977600.0
2018-08-08,33.65,33.92,32.57,32.63,9151800.0
2018-08-09,33.2,33.92,33.1,33.6,15525700.0
2018-08-10,33.05,33.13,31.5,31.75,19938600.0
2018-08-13,31.6,32.2,31.2,31.9,8861500.0
2018-08-14,32.45,33.06,32.15,33.0,8473700.0
2018-08-15,32.4,32.72,32.1,32.3,12728100.0
2018-08-16,32.68,32.92,32.2,32.4,9610200.0
2018-08-17,31.9,32.24,31.21,31.26,14046500.0
2018-08-20,31.27,31.52,30.2,30.43,15751300.0
2018-08-21,30.3,30.48,29.18,29.22,15127900.0
2018-08-22,29.0,30.19,28.73,30.0,13775200.0
2018-08-23,30.0,30.58,29.15,29.24,17182900.0
2018-08-24,29.93,30.08,28.9,29.64,10493700.0
2018-08-27,29.8,30.55,29.75,30.55,6869400.0
2018-08-28,30.6,30.85,30.25,30.4,6044400.0
2018-08-29,30.64,31.43,30.5,31.09,8095200.0
2018-08-30,30.96,30.96,29.82,29.93,11008500.0
2018-08-31,29.96,30.73,29.72,30.1,10786800.0
2018-09-03,29.86,29.92,29.39,29.39,5880900.0
2018-09-04,29.4,29.49,28.52,28.64,10997900.0
2018-09-05,28.31,29.26,28.1,28.69,7445300.0
2018-09-06,29.2,29.5,28.4,29.33,10002700.0
2018-09-10,29.73,29.92,28.75,28.93,14004600.0
2018-09-11,28.24,28.25,27.57,27.62,12271700.0
2018-09-12,28.0,28.16,27.47,27.66,15834300.0
2018-09-13,27.9,27.95,27.12,27.29,6755400.0
2018-09-14,27.29,27.64,26.76,27.51,11168000.0
2018-09-17,27.4,28.45,27.3,28.45,14254800.0
2018-09-18,28.39,29.72,28.27,29.72,15820100.0
2018-09-19,29.35,30.25,29.05,29.42,11815500.0
2018-09-20,29.88,29.92,29.17,29.5,6427100.0
2018-09-21,29.73,30.58,29.34,30.58,16246100.0
2018-09-24,30.38,30.7,29.5,29.73,13051200.0
2018-09-25,29.03,29.76,28.81,29.55,11689300.0
2018-09-26,29.65,29.97,29.21,29.45,12788600.0
2018-09-27,29.68,30.3,29.68,30.29,8744100.0
2018-09-28,29.83,29.98,29.3,29.45,12758100.0
2018-10-01,29.55,29.76,28.2,28.21,15541300.0
2018-10-02,29.7,31.56,29.65,31.43,32737800.0
2018-10-03,35.0,35.42,33.33,34.28,35042700.0
2018-10-04,33.68,35.88,33.52,35.12,27830400.0
2018-10-05,36.05,36.29,34.59,35.74,23412600.0
2018-10-08,40.5,40.75,38.57,39.2,41857100.0
2018-10-09,38.91,39.7,38.4,39.0,25310900.0
2018-10-10,38.2,38.2,37.12,37.35,20789200.0
2018-10-11,38.0,38.17,36.79,37.2,19000600.0
2018-10-15,37.92,38.44,37.41,37.72,13194600.0
2018-10-16,38.21,39.5,38.21,39.37,18129600.0
2018-10-17,38.78,39.74,38.61,39.71,16261200.0
2018-10-18,39.32,39.98,39.22,39.25,15721800.0
2018-10-19,39.83,39.86,39.16,39.58,9764100.0
2018-10-22,39.85,40.24,39.71,39.85,10061800.0
2018-10-23,39.24,40.19,39.11,39.99,13794900.0
2018-10-24,40.05,40.32,39.06,39.1,13762900.0
2018-10-25,39.65,40.35,39.41,40.1,14416100.0
2018-10-26,40.5,42.57,39.62,42.42,20428400.0
2018-10-29,44.0,44.5,41.24,41.87,36813700.0
2018-10-30,42.62,43.4,41.72,43.1,22299300.0
2018-10-31,43.45,43.6,41.62,42.75,12397700.0
2018-11-01,42.8,43.56,42.44,43.38,15664100.0
2018-11-05,43.55,43.59,42.72,43.41,10391700.0
2018-11-06,42.51,43.24,42.26,42.47,12087500.0
2018-11-07,42.78,43.08,40.86,41.45,11743000.0
2018-11-08,42.55,42.76,40.52,40.6,17319300.0
2018-11-09,40.5,41.77,39.73,41.5,12701700.0
2018-11-12,41.78,42.49,41.29,42.18,11014600.0
2018-11-13,42.25,42.63,41.53,41.7,11226800.0
2018-11-14,41.75,42.01,40.93,41.77,15645500.0
2018-11-16,42.08,43.1,41.83,43.09,14961700.0
2018-11-19,43.11,44.3,42.84,44.1,16046600.0
2018-11-21,43.5,44.1,43.27,44.0,12460100.0
2018-11-22,44.06,44.87,43.6,44.45,10627300.0
2018-11-23,45.0,45.79,44.71,44.8,14543200.0
2018-11-26,45.07,45.73,43.62,44.01,11379600.0
2018-11-27,44.05,45.4,43.65,45.05,13467400.0
2018-11-28,45.3,45.8,44.36,45.76,13240700.0
2018-11-29,45.4,45.91,44.97,45.24,9704000.0
2018-11-30,45.28,45.32,44.3,44.63,11265500.0
2018-12-03,45.6,45.6,44.05,44.1,12470500.0
2018-12-04,44.11,44.6,43.33,43.66,11076300.0
2018-12-05,43.85,44.17,43.42,44.1,4950700.0
2018-12-06,43.48,44.37,43.08,44.37,8255600.0
2018-12-07,44.36,44.93,43.81,44.03,7834000.0
2018-12-10,43.95,44.25,42.6,42.74,9518500.0
2018-12-11,43.3,43.55,42.48,42.99,9318100.0
2018-12-12,43.19,43.6,42.86,42.98,12471100.0
2018-12-13,43.0,44.25,42.64,44.08,8022000.0
2018-12-14,43.77,44.5,43.65,44.1,7105700.0
2018-12-17,44.05,44.53,43.51,43.7,6570700.0
2018-12-18,44.0,44.42,43.76,43.8,8036000.0
2018-12-19,44.0,44.7,43.8,43.8,7590900.0
2018-12-20,44.0,44.54,43.8,44.08,7741700.0
2018-12-21,44.06,44.75,43.73,44.09,13974100.0
2018-12-26,43.77,44.38,43.04,44.38,7378200.0
2018-12-27,44.28,45.12,44.07,45.12,7034400.0
2018-12-28,45.19,46.49,44.85,46.49,12985900.0
2019-01-02,46.2,49.7,46.09,48.6,14905300.0
2019-01-03,48.32,49.2,47.85,48.8,8879100.0
2019-01-04,48.08,49.83,47.92,48.8,8859200.0
2019-01-07,48.83,49.47,48.17,48.48,9393500.0
2019-01-08,48.6,49.05,46.83,47.93,14517300.0
2019-01-09,48.35,48.35,47.48,47.8,16718000.0
2019-01-10,47.45,48.81,47.15,48.5,10262600.0
2019-01-11,48.48,48.89,48.12,48.7,6877500.0
2019-01-14,48.7,49.83,48.5,49.83,8974400.0
2019-01-15,49.53,49.94,48.97,49.25,9243100.0
2019-01-16,49.35,49.42,48.67,48.78,6674700.0
2019-01-17,48.84,49.49,48.4,48.96,12979300.0
2019-01-18,49.01,49.43,48.55,48.55,13081700.0
2019-01-21,48.62,48.75,47.7,48.29,8299600.0
2019-01-22,48.4,48.92,47.93,48.2,10193300.0
2019-01-23,48.45,49.42,48.2,49.2,10197300.0
2019-01-24,49.19,49.57,48.75,48.95,9903400.0
2019-01-28,48.0,49.22,48.0,48.32,8400800.0
2019-01-29,49.0,49.93,48.59,49.93,12203700.0
2019-01-30,50.0,50.58,49.47,50.58,8550100.0
2019-01-31,51.0,52.75,50.89,51.86,15088300.0
2019-02-01,51.56,52.11,51.21,52.11,8604100.0
2019-02-04,51.72,53.46,51.3,53.1,7739600.0
2019-02-05,52.65,54.65,52.65,54.65,11426700.0
2019-02-06,53.85,53.92,51.32,51.32,16436900.0
2019-02-07,52.0,52.76,50.1,51.66,15667000.0
2019-02-08,51.55,52.76,50.91,51.73,10047300.0
2019-02-11,52.0,52.17,50.2,50.2,9468000.0
2019-02-12,50.82,53.47,50.8,53.29,18333100.0
2019-02-13,53.29,53.75,51.65,52.08,14744400.0
2019-02-14,53.2,54.98,52.08,54.74,27857700.0
2019-02-15,54.7,55.48,54.27,54.81,12532600.0
2019-02-18,54.36,54.78,53.53,54.27,8809400.0
2019-02-19,54.43,55.91,54.32,54.5,13553400.0
2019-02-20,55.28,55.52,52.96,52.96,16672300.0
2019-02-21,53.45,53.89,52.9,53.2,10342700.0
2019-02-22,53.2,53.5,52.58,53.09,7260200.0
2019-02-25,53.67,53.77,52.2,52.22,10139000.0
2019-02-26,52.3,52.92,52.0,52.5,7287300.0
2019-02-27,52.47,52.69,51.85,51.9,6269600.0
2019-02-28,50.73,52.14,50.52,50.6,11046200.0
2019-03-01,50.76,51.51,50.66,51.31,9272200.0
2019-03-06,51.43,52.13,50.5,50.6,5165800.0
2019-03-07,50.6,50.95,50.15,50.43,8474400.0
2019-03-08,50.27,52.35,49.82,52.2,8093300.0
2019-03-11,52.34,53.8,52.33,53.8,11473000.0
2019-03-12,53.47,53.79,52.39,53.34,8003300.0
2019-03-13,53.2,54.56,52.91,54.16,9525600.0
2019-03-14,54.0,54.1,52.9,53.75,8089900.0
2019-03-15,53.7,54.29,53.49,54.21,12690200.0
2019-03-18,54.56,54.6,53.7,53.8,12033000.0
2019-03-19,54.0,54.05,52.53,52.65,8399100.0
2019-03-20,52.69,52.88,51.47,51.47,13203500.0
2019-03-21,51.57,51.72,49.67,50.39,15771400.0
2019-03-22,49.28,49.29,47.5,47.65,22736000.0
2019-03-25,47.38,48.83,47.0,47.99,13614800.0
2019-03-26,48.95,49.25,47.77,49.12,11695100.0
2019-03-27,48.25,48.25,46.4,46.4,18815300.0
2019-03-28,46.97,48.72,46.45,48.02,21801200.0
2019-03-29,48.7,49.37,48.25,48.72,10920200.0
2019-04-01,49.39,49.72,48.9,49.2,7356200.0
2019-04-02,49.5,49.81,48.71,48.77,10017100.0
2019-04-03,49.42,49.75,47.9,48.25,18471300.0
2019-04-04,48.7,49.2,47.85,48.83,11488200.0
2019-04-05,49.07,49.65,48.73,49.11,7162800.0
2019-04-08,49.09,49.34,48.64,49.19,6229200.0
2019-04-09,48.89,48.89,47.91,48.45,7978400.0
2019-04-10,48.84,49.08,48.17,48.81,8040800.0
2019-04-11,48.71,48.97,47.96,48.26,8600100.0
2019-04-12,46.85,48.35,46.3,46.73,17453700.0
2019-04-15,47.3,47.77,46.16,46.86,12773300.0
2019-04-16,46.95,48.2,46.5,47.83,13236300.0
2019-04-17,48.1,48.67,46.85,47.2,20039900.0
2019-04-18,47.66,49.2,47.52,48.85,16452300.0
2019-04-22,48.78,48.78,48.02,48.34,6247600.0
2019-04-23,48.98,49.35,48.67,49.31,7649200.0
2019-04-24,49.18,49.33,47.95,48.31,10352900.0
2019-04-25,48.12,49.19,47.76,49.1,9792600.0
2019-04-26,49.0,49.56,48.7,49.35,8618500.0
2019-04-29,49.6,50.3,48.45,49.37,16735200.0
2019-04-30,49.56,49.86,49.14,49.68,8100800.0
2019-05-02,49.3,49.9,49.08,49.79,8537900.0
2019-05-03,49.91,50.24,49.75,50.08,8115200.0
2019-05-06,49.47,49.67,49.18,49.37,6283900.0
2019-05-07,49.08,49.68,48.22,49.49,10779500.0
2019-05-08,49.5,50.84,49.5,50.59,14423800.0
2019-05-09,50.91,51.26,50.12,51.03,15319700.0
2019-05-10,51.1,51.19,49.86,50.16,8940300.0
2019-05-13,48.71,49.39,48.34,48.37,10155800.0
2019-05-14,48.9,48.98,47.56,47.9,9596600.0
2019-05-15,47.5,47.62,46.63,47.11,10415500.0
2019-05-16,46.8,46.85,45.41,45.64,14566200.0
2019-05-17,45.45,46.46,44.55,44.85,14259400.0
2019-05-20,45.15,46.84,44.91,46.57,13036800.0
2019-05-21,46.91,49.38,46.91,49.23,14157400.0
2019-05-22,49.3,49.5,48.4,48.82,8154100.0
2019-05-23,48.57,49.36,48.27,48.9,8886900.0
2019-05-24,49.38,49.8,49.05,49.62,9216800.0
2019-05-27,49.99,50.98,49.99,50.59,7609700.0
2019-05-28,50.69,51.85,50.46,51.25,15956300.0
2019-05-29,50.93,51.68,50.63,51.2,11048300.0
2019-05-30,51.1,52.0,51.06,51.95,8996300.0
2019-05-31,51.7,52.58,51.13,51.85,10143400.0
2019-06-03,52.22,52.55,51.65,52.09,7632100.0
2019-06-04,52.3,52.94,52.02,52.94,11348600.0
2019-06-05,52.86,52.94,51.19,51.48,9213400.0
2019-06-06,52.07,52.86,51.45,52.79,7941400.0
2019-06-07,52.91,53.12,52.36,52.36,6879600.0
2019-06-10,52.05,52.2,50.97,51.87,9128500.0
2019-06-11,52.4,52.9,51.84,52.9,13099700.0
2019-06-12,52.88,53.0,51.92,52.26,8789900.0
2019-06-13,52.25,52.67,51.27,51.43,15417600.0
2019-06-14,51.34,51.5,49.94,50.52,13058300.0
2019-06-17,50.38,51.05,50.14,50.47,6836000.0
2019-06-18,50.85,52.05,50.78,51.65,12190600.0
2019-06-19,51.5,52.5,51.11,52.5,7914100.0
2019-06-21,52.6,53.5,52.6,52.91,14621400.0
2019-06-24,52.99,53.9,52.64,53.04,9009900.0
2019-06-25,52.8,53.6,52.25,52.55,15645200.0
2019-06-26,52.98,53.73,52.7,53.69,12950700.0
2019-06-27,53.2,54.17,52.94,53.8,13479200.0
2019-06-28,54.28,54.28,53.35,53.94,13956200.0
2019-07-01,54.56,54.67,53.51,53.88,8189600.0
2019-07-02,53.72,54.25,52.77,53.19,10558200.0
2019-07-03,53.4,54.3,52.53,54.3,11861800.0
2019-07-04,54.79,55.18,54.68,55.18,9150600.0
2019-07-05,55.0,55.37,54.32,55.0,9349100.0
2019-07-08,55.19,55.35,54.82,54.95,6480800.0
2019-07-10,55.6,55.7,53.79,54.26,12353200.0
2019-07-11,54.13,54.13,52.81,53.2,14609100.0
2019-07-12,53.52,53.62,51.8,52.0,12624100.0
2019-07-15,52.21,52.39,51.06,51.69,10671500.0
2019-07-16,52.0,52.19,51.51,51.77,10338400.0
2019-07-17,51.8,52.17,51.51,51.78,6865400.0
2019-07-18,51.97,53.25,51.87,52.66,12438200.0
2019-07-19,52.25,52.95,52.0,52.0,8817100.0
2019-07-22,52.48,52.66,51.97,52.01,6343700.0
2019-07-23,52.27,52.38,51.4,51.4,12601000.0
2019-07-24,51.56,52.65,51.47,52.33,15345200.0
2019-07-25,52.38,52.52,50.06,50.12,17658100.0
2019-07-26,50.8,50.81,49.93,50.0,8075500.0
2019-07-29,50.15,50.64,49.82,50.45,5061700.0
2019-07-30,50.22,50.7,49.11,49.94,9217900.0
2019-07-31,50.1,50.2,49.2,49.22,11303600.0
2019-08-01,49.8,50.47,48.69,48.75,14795700.0
2019-08-02,48.75,49.35,48.0,48.76,8291400.0
2019-08-05,47.74,48.76,47.42,47.85,8432600.0
2019-08-06,48.49,49.07,48.21,48.5,8546500.0
2019-08-07,48.3,48.78,47.55,48.45,11361600.0
2019-08-08,49.64,49.68,48.47,48.8,12088800.0
2019-08-09,48.86,49.18,48.3,48.65,8287600.0
2019-08-12,47.71,47.8,46.96,47.0,10582800.0
2019-08-13,46.94,48.25,46.79,47.55,9622200.0
2019-08-14,46.95,47.07,45.69,45.89,11409700.0
2019-08-15,46.15,46.64,45.25,45.85,10801800.0
2019-08-16,46.35,46.55,45.35,45.73,9649600.0
2019-08-19,46.0,46.69,44.73,44.83,10386300.0
2019-08-20,45.02,45.18,44.07,44.79,6544400.0
2019-08-21,45.87,47.46,45.74,47.35,13568200.0
2019-08-22,47.4,47.56,46.38,46.65,7464800.0
2019-08-23,46.1,46.54,44.72,44.95,13009000.0
2019-08-26,45.38,45.7,43.76,44.74,6927600.0
2019-08-27,45.35,45.6,43.44,44.38,12549500.0
2019-08-28,43.96,44.3,43.64,44.01,8375200.0
2019-08-29,44.21,45.22,44.03,45.08,8723300.0
2019-08-30,45.18,46.56,45.09,46.24,11964600.0
2019-09-02,46.24,46.79,45.4,45.65,5351100.0
2019-09-03,45.4,46.32,44.62,44.8,11053000.0
2019-09-04,45.38,45.93,44.98,45.86,6997400.0
2019-09-05,46.1,47.78,46.09,47.46,12332100.0
2019-09-06,47.9,49.39,47.9,49.39,13891900.0
2019-09-09,49.55,50.53,49.27,50.0,13464500.0
2019-09-10,50.35,50.5,48.88,49.16,8396000.0
2019-09-11,49.5,49.97,47.99,47.99,14011900.0
2019-09-12,48.32,48.37,47.4,48.0,10173500.0
2019-09-13,48.07,48.5,46.9,47.14,7905100.0
2019-09-16,47.04,47.56,46.3,46.65,8144900.0
2019-09-17,46.39,47.45,46.12,47.3,6711000.0
2019-09-18,47.46,48.25,47.16,48.02,8496300.0
2019-09-19,48.41,48.7,46.77,46.77,9524300.0
2019-09-20,47.0,47.98,46.9,47.51,15284500.0
2019-09-23,47.44,47.74,46.86,47.28,5731700.0
2019-09-24,47.39,47.56,45.6,45.84,11871000.0
2019-09-25,45.84,45.84,44.8,45.54,10828000.0
2019-09-26,45.79,46.21,45.21,45.71,8726100.0
2019-09-27,45.5,46.08,45.25,45.34,7880800.0
2019-09-30,45.5,45.9,45.48,45.49,5417000.0
2019-10-01,45.71,45.71,44.81,44.95,6507200.0
2019-10-02,44.61,44.61,43.36,43.42,19148500.0
2019-10-03,43.77,45.29,43.62,45.29,15318100.0
2019-10-04,45.37,45.6,44.62,45.6,7141000.0
2019-10-07,45.1,45.23,43.76,43.8,13140600.0
2019-10-08,44.2,44.33,43.01,43.01,11641800.0
2019-10-09,43.57,44.34,43.1,44.2,9154200.0
2019-10-10,44.29,44.82,44.02,44.4,6434200.0
2019-10-11,44.8,45.39,44.75,45.23,9029200.0
2019-10-14,45.24,45.56,44.83,45.0,6827400.0
2019-10-15,44.97,45.18,44.27,44.38,14681400.0
2019-10-16,44.4,45.36,43.9,45.0,15190400.0
2019-10-17,45.33,45.7,44.58,44.91,24834700.0
2019-10-18,46.0,46.55,45.5,46.06,46946700.0
2019-10-21,46.3,46.75,45.77,46.4,15696900.0
2019-10-22,46.5,47.67,46.44,47.4,16974600.0
2019-10-23,47.35,48.36,46.88,47.6,20652900.0
2019-10-24,47.74,48.08,46.71,47.3,22009200.0
2019-10-25,47.28,48.05,47.11,47.73,10392800.0
2019-10-28,47.85,48.79,47.7,48.79,14379900.0
2019-10-29,48.59,49.11,48.46,48.66,10367700.0
2019-10-30,48.61,49.42,47.53,49.42,15658700.0
2019-10-31,48.9,49.0,47.95,48.15,14134000.0
2019-11-01,48.44,48.8,47.45,47.96,12278000.0
2019-11-04,48.15,48.55,47.4,47.69,11123000.0
2019-11-05,47.8,48.45,47.63,47.99,9246200.0
2019-11-06,48.0,48.48,47.35,47.67,10844200.0
2019-11-07,48.05,48.48,47.46,47.67,14498100.0
2019-11-08,47.36,47.75,46.56,47.0,16805900.0
2019-11-11,46.74,47.43,46.41,47.24,10123900.0
2019-11-12,47.03,47.54,46.35,46.72,16508300.0
2019-11-13,46.43,46.69,45.81,45.95,13087600.0
2019-11-14,46.13,46.75,45.76,46.51,12033500.0
2019-11-18,47.0,47.15,46.0,46.0,15585600.0
2019-11-19,46.35,46.47,45.71,45.79,8118000.0
2019-11-21,45.75,46.49,45.65,46.38,11252800.0
2019-11-22,46.09,46.9,45.92,46.75,7639800.0
2019-11-25,46.76,46.94,46.27,46.6,7430100.0
2019-11-26,46.35,46.38,45.56,46.0,15330000.0
2019-11-27,46.2,47.38,45.49,47.34,11237900.0
2019-11-28,46.94,47.67,46.56,47.6,6909900.0
2019-11-29,47.64,47.99,47.41,47.81,7285500.0
2019-12-02,47.81,48.33,47.43,47.43,9727400.0
2019-12-03,48.14,48.69,47.95,48.39,17536700.0
2019-12-04,48.39,49.13,48.3,49.09,15029100.0
2019-12-05,49.16,49.27,48.31,48.67,9473100.0
2019-12-06,48.58,48.99,48.27,48.47,9635700.0
2019-12-09,48.35,48.95,48.31,48.62,8429900.0
2019-12-10,48.55,48.74,47.66,47.92,6527300.0
2019-12-11,48.05,48.37,47.56,47.85,9979700.0
2019-12-12,48.0,48.91,47.86,48.91,8498200.0
2019-12-13,48.86,49.5,48.36,48.53,18029900.0
2019-12-16,48.76,49.25,47.87,47.87,12007400.0
2019-12-17,48.14,48.95,47.92,48.95,10542000.0
2019-12-18,48.75,50.71,48.63,50.64,20459600.0
2019-12-19,50.3,51.16,50.08,51.16,12193800.0
2019-12-20,50.95,51.1,50.24,51.06,9537300.0
2019-12-23,50.96,52.6,50.74,52.6,8803400.0
2019-12-26,52.48,53.26,52.35,53.2,10031600.0
2019-12-27,53.35,53.67,52.26,52.97,8633100.0
2019-12-30,53.1,53.34,52.82,52.82,7839900.0
2020-01-02,53.35,53.97,53.17,53.8,13159900.0
2020-01-03,53.1,53.91,52.85,53.71,9465400.0
2020-01-06,53.4,53.4,52.45,53.0,9999900.0
2020-01-07,53.0,53.03,52.29,52.6,10638500.0
2020-01-08,52.76,52.99,52.04,52.12,21468600.0
2020-01-09,52.2,52.33,50.73,51.06,24743000.0
2020-01-10,51.16,51.44,49.56,49.86,15348200.0
2020-01-13,49.98,50.5,49.61,50.42,14181900.0
2020-01-14,50.28,50.49,49.75,50.15,8765000.0
2020-01-15,49.93,50.02,48.85,49.23,14501900.0
2020-01-16,49.47,49.78,48.98,49.45,11872600.0
2020-01-17,49.86,50.27,49.73,50.12,11421800.0
2020-01-20,50.0,50.35,49.27,49.8,8498300.0
2020-01-21,49.55,49.65,48.05,48.36,14479200.0
2020-01-22,48.81,48.99,48.29,48.74,10459400.0
2020-01-23,48.54,51.48,48.38,51.48,21624500.0
2020-01-24,51.4,51.48,50.8,50.8,9150300.0
2020-01-27,50.06,51.07,49.73,50.3,12015900.0
2020-01-28,50.8,51.15,50.08,50.71,7646400.0
2020-01-29,51.0,51.38,49.36,49.46,8400200.0
2020-01-30,48.7,49.99,48.37,49.8,12539900.0
2020-01-31,49.11,49.12,48.22,48.54,16126400.0
2020-02-03,48.55,49.14,48.01,48.78,10201400.0
2020-02-04,49.29,49.6,48.25,48.25,11766600.0
2020-02-05,49.2,51.29,49.1,50.4,23691700.0
2020-02-06,51.0,51.05,49.25,49.55,9662900.0
2020-02-07,49.55,50.32,49.26,49.6,7795000.0
2020-02-10,49.71,49.99,48.88,49.11,7785300.0
2020-02-11,49.92,51.65,49.68,51.32,18096500.0
2020-02-12,51.87,52.36,50.67,51.62,16617100.0
2020-02-13,51.35,51.54,50.45,50.82,13806300.0
2020-02-14,50.88,50.96,49.57,49.85,10022700.0
2020-02-17,50.08,50.24,49.1,49.1,6749000.0
2020-02-18,48.96,49.9,48.7,49.57,8929100.0
2020-02-19,49.5,50.33,49.15,49.69,11148100.0
2020-02-20,50.0,50.05,48.68,49.18,12052200.0
2020-02-21,48.81,49.22,48.33,49.22,6435600.0
2020-02-26,46.6,46.62,45.15,45.23,15214100.0
2020-02-27,44.8,47.59,44.38,45.79,31472900.0
2020-02-28,46.15,46.86,44.55,46.86,26379200.0
2020-03-02,46.82,47.49,46.3,47.15,13210200.0
2020-03-03,46.71,47.36,45.11,45.77,21553700.0
2020-03-04,46.45,46.69,45.0,45.82,19234000.0
2020-03-05,45.26,45.57,42.3,43.11,25846800.0
2020-03-06,41.8,42.72,41.24,42.3,19025700.0
2020-03-09,38.45,40.19,36.3,37.63,25067600.0
2020-03-10,39.52,40.69,37.63,39.61,30778200.0
2020-03-11,38.6,38.82,34.23,36.19,24686600.0
2020-03-12,29.2,31.95,26.56,31.25,31421400.0
2020-03-13,36.24,37.67,31.71,36.49,40672200.0
2020-03-16,30.5,32.8,29.55,30.4,31123500.0
2020-03-17,31.4,33.29,30.05,31.87,26836900.0
2020-03-18,29.17,30.16,25.3,26.61,37989900.0
2020-03-19,25.5,27.69,23.34,25.57,41426100.0
2020-03-20,27.0,27.9,24.33,24.6,29565100.0
2020-03-23,25.0,25.0,21.91,22.13,26585400.0
2020-03-24,24.2,26.48,23.8,25.92,25619500.0
2020-03-25,25.93,30.57,25.73,29.03,24904300.0
2020-03-26,29.34,31.67,29.28,30.49,25522400.0
2020-03-27,28.78,29.5,28.02,28.24,20686300.0
2020-03-30,28.9,29.46,28.31,28.99,15714000.0
2020-03-31,29.2,29.5,27.43,27.89,18635800.0
2020-04-01,26.9,27.28,26.05,26.71,19779000.0
2020-04-02,26.95,27.8,26.31,27.02,15656600.0
2020-04-03,26.85,26.89,25.0,25.5,18808600.0
2020-04-06,27.15,28.3,26.74,27.86,21336200.0
2020-04-07,29.45,30.5,29.17,29.17,21423100.0
2020-04-08,29.3,30.55,28.58,29.73,19790500.0
2020-04-09,30.34,30.88,29.46,29.65,17453800.0
2020-04-13,29.76,30.3,28.7,30.24,17933000.0
2020-04-14,30.94,31.65,30.0,30.21,17659400.0
2020-04-15,29.48,30.24,29.0,29.65,16680500.0
2020-04-16,30.1,30.38,28.8,28.8,20596700.0
2020-04-17,29.55,30.06,29.03,29.58,18567000.0
2020-04-20,29.0,29.49,28.52,28.99,17643400.0
2020-04-22,28.89,29.15,28.63,28.86,20098000.0
2020-04-23,29.2,29.63,27.61,28.05,21559200.0
2020-04-24,27.63,27.7,24.0,24.3,73309700.0
2020-04-27,25.5,26.2,25.11,25.69,32003900.0
2020-04-28,27.22,29.25,27.11,29.14,42990800.0
2020-04-29,30.04,30.21,28.73,29.56,24440000.0
2020-04-30,28.31,28.78,27.85,28.5,23765100.0
2020-05-04,27.37,27.76,26.99,27.76,16480800.0
2020-05-05,28.02,28.55,27.56,27.8,15704100.0
2020-05-06,27.96,28.13,26.75,26.99,20061100.0
2020-05-07,27.44,27.45,26.07,26.26,26280300.0
2020-05-08,27.1,27.71,26.8,27.1,17469900.0
2020-05-11,26.9,28.13,26.8,27.27,17164600.0
2020-05-12,27.44,27.55,26.26,26.31,23760000.0
2020-05-13,26.65,26.85,25.23,25.55,26182500.0
2020-05-14,25.0,26.8,24.75,26.65,36082500.0
2020-05-15,26.5,27.08,25.84,26.15,23313500.0
2020-05-18,27.13,27.78,26.65,27.4,18625000.0
2020-05-19,27.26,27.78,26.66,26.66,16492700.0
2020-05-20,27.0,27.64,26.77,27.33,22692000.0
2020-05-21,27.64,29.29,27.48,29.26,30353400.0
2020-05-22,28.86,29.15,27.91,28.51,25954800.0
2020-05-25,30.0,31.5,29.8,31.5,31652400.0
2020-05-26,32.5,32.93,30.23,30.79,30735800.0
2020-05-27,31.63,31.63,30.5,30.9,19093300.0
2020-05-28,30.61,31.46,30.21,30.79,20581000.0
2020-05-29,30.5,30.85,29.75,30.84,26793400.0
2020-06-01,30.77,32.15,30.56,31.8,21935100.0
2020-06-02,32.6,32.9,32.28,32.82,15530800.0
2020-06-03,34.47,35.0,33.84,34.75,29289600.0
2020-06-04,34.43,35.57,33.52,34.94,23709800.0
2020-06-05,37.41,38.17,35.01,35.2,35294100.0
2020-06-08,35.82,36.81,35.5,36.39,22097000.0
2020-06-09,35.54,37.08,35.12,35.79,28509800.0
2020-06-10,36.36,36.41,34.21,34.21,26985800.0
2020-06-12,33.0,33.88,32.81,33.35,28797800.0
2020-06-15,32.0,33.32,31.7,33.07,33361200.0
2020-06-16,34.5,34.67,33.1,33.5,23068800.0
2020-06-17,33.44,34.77,33.36,34.5,18835400.0
2020-06-18,34.18,35.13,33.8,34.4,18813900.0
2020-06-19,34.9,35.12,33.9,33.94,20121000.0
2020-06-22,34.21,34.42,33.0,33.24,15049200.0
2020-06-23,33.8,34.04,33.1,33.53,16131600.0
2020-06-24,33.34,33.6,31.91,32.22,24257300.0
2020-06-25,32.34,33.05,32.08,33.01,18818300.0
2020-06-26,32.65,32.88,31.82,31.82,14602600.0
2020-06-29,32.17,33.44,31.94,33.44,18091800.0
2020-06-30,33.21,33.22,32.02,32.15,24787000.0
2020-07-01,32.42,33.27,32.18,33.07,16913300.0
2020-07-02,33.63,34.24,33.0,33.16,19809800.0
2020-07-03,33.12,33.5,32.68,33.5,8103600.0
2020-07-06,34.36,34.99,34.07,34.67,18941500.0
2020-07-07,34.3,34.36,33.28,33.28,22947900.0
2020-07-08,33.71,34.2,33.52,34.09,17591100.0
2020-07-09,34.18,34.32,33.81,33.96,11144600.0
2020-07-10,33.89,34.34,33.55,34.14,13964300.0
2020-07-13,34.45,34.79,33.8,33.8,13912200.0
2020-07-14,33.83,34.41,33.5,34.35,14229900.0
2020-07-15,34.7,35.07,34.39,34.69,14623200.0
2020-07-16,34.41,34.56,34.08,34.4,10018500.0
2020-07-17,34.5,35.46,34.47,35.46,16762400.0
2020-07-20,35.49,35.68,34.87,35.32,15713000.0
2020-07-21,35.75,36.2,35.27,35.49,18978300.0
2020-07-22,35.65,35.69,34.71,35.2,13559000.0
2020-07-23,35.26,35.26,34.21,34.35,14054500.0
2020-07-24,34.0,34.62,33.65,33.95,16850500.0
2020-07-27,33.7,35.07,33.54,34.91,23653200.0
2020-07-28,34.7,35.78,34.55,35.03,16912700.0
2020-07-29,35.38,35.95,35.15,35.95,12998000.0
2020-07-30,35.12,35.54,34.52,34.8,22787400.0
2020-07-31,34.9,34.97,33.57,33.58,20508700.0
2020-08-03,34.24,35.04,33.78,34.35,23875900.0
2020-08-04,33.88,34.6,33.01,33.3,20573300.0
2020-08-05,33.81,33.97,32.9,33.33,14056900.0
2020-08-06,33.76,34.43,33.14,34.35,18165500.0
2020-08-07,34.0,34.94,33.6,34.11,18502400.0
2020-08-10,34.12,34.6,33.75,34.43,9668700.0
2020-08-11,34.6,34.89,33.9,33.93,13926600.0
2020-08-12,34.0,34.42,33.2,33.75,17865700.0
2020-08-13,33.89,34.4,33.05,33.07,14653100.0
2020-08-14,33.1,33.5,32.79,33.18,10718600.0
2020-08-17,33.17,33.35,31.89,32.33,21749000.0
2020-08-18,32.9,32.97,32.4,32.77,14412200.0
2020-08-19,32.85,32.97,32.52,32.62,10317100.0
2020-08-20,32.1,32.73,31.9,32.65,22689600.0
2020-08-21,32.5,33.08,32.33,32.95,11477900.0
2020-08-24,32.89,34.0,32.8,33.45,19300300.0
2020-08-25,33.78,33.95,33.05,33.25,11721700.0
2020-08-26,33.14,33.44,32.06,32.45,16374400.0
2020-08-27,32.51,33.44,32.36,32.75,15749800.0
2020-08-28,33.02,33.51,32.98,33.39,11291200.0
2020-08-31,33.39,33.39,32.65,32.65,13787200.0
2020-09-01,33.15,33.59,32.92,33.21,12268300.0
2020-09-02,33.25,33.37,32.74,33.25,9592900.0
2020-09-03,33.19,34.79,33.11,33.77,29715800.0
2020-09-04,34.1,34.37,33.33,33.95,20750500.0
2020-09-08,33.54,33.69,33.07,33.26,13370900.0
2020-09-09,33.58,33.72,32.96,33.22,12488700.0
2020-09-10,33.14,33.49,32.44,32.53,13133600.0
2020-09-11,32.58,32.69,31.72,32.0,14603500.0
2020-09-14,32.22,32.59,31.7,32.36,10939700.0
2020-09-15,32.6,32.6,31.87,31.99,11475100.0
2020-09-16,32.09,32.62,32.01,32.09,13570200.0
2020-09-17,31.81,32.29,31.7,32.15,10111300.0
2020-09-18,31.95,32.02,31.15,31.34,15806400.0
2020-09-21,30.71,31.13,30.41,30.88,13303100.0
2020-09-22,30.85,31.68,30.68,30.82,10544600.0
2020-09-23,30.85,30.94,30.07,30.18,12630500.0
2020-09-24,30.18,30.9,29.91,30.42,15662800.0
2020-09-25,30.24,30.48,29.97,30.3,9294000.0
2020-09-28,30.7,31.77,30.12,30.51,30228600.0
2020-09-29,30.46,30.68,29.75,29.76,18143200.0
2020-09-30,29.99,30.11,29.47,29.62,13903900.0
2020-10-01,29.82,29.9,29.16,29.79,11859900.0
2020-10-02,29.41,30.74,29.31,29.71,16742300.0
2020-10-05,29.9,30.38,29.34,30.23,12500600.0
2020-10-06,30.51,30.8,29.88,30.03,10605100.0
2020-10-07,30.2,30.44,29.73,29.81,12373000.0
2020-10-08,29.91,31.49,29.65,31.25,18044600.0
2020-10-09,31.11,31.67,30.63,31.04,13790900.0
2020-10-13,31.08,31.43,30.68,31.05,10738900.0
2020-10-14,31.11,31.53,30.85,30.85,10152000.0
2020-10-15,30.45,31.44,30.22,31.06,12706600.0
2020-10-16,30.91,31.02,30.25,30.27,12381800.0
2020-10-19,30.42,31.17,30.31,30.6,15525000.0
2020-10-20,30.92,32.04,30.92,32.01,21490700.0
2020-10-21,31.94,32.47,31.8,32.25,16092200.0
2020-10-22,32.11,33.68,32.05,33.65,29801800.0
2020-10-23,33.67,34.29,33.33,33.53,18936500.0
2020-10-26,33.34,33.83,32.86,33.5,14315700.0
2020-10-27,33.79,34.1,32.54,32.78,15141800.0
2020-10-28,31.95,32.04,31.1,31.14,15201800.0
2020-10-29,31.12,31.3,30.04,30.96,19256000.0
2020-10-30,30.69,30.87,29.61,29.8,21826000.0
2020-11-03,30.42,30.76,29.9,30.1,17154400.0
2020-11-04,30.41,30.85,30.07,30.32,13726100.0
2020-11-05,30.65,31.13,30.44,30.69,18692500.0
2020-11-06,30.5,30.66,30.18,30.49,12861600.0
2020-11-09,32.13,32.96,32.0,32.7,33781000.0
2020-11-10,32.77,34.82,32.73,34.37,42044300.0
2020-11-11,34.33,34.77,33.36,34.16,27125800.0
2020-11-12,33.99,34.13,32.38,32.73,24995400.0
2020-11-13,32.99,33.17,32.4,33.05,17339500.0
2020-11-16,33.56,34.25,33.45,33.9,23210900.0
2020-11-17,33.62,34.41,33.4,34.2,18689500.0
2020-11-18,34.07,34.65,33.78,34.28,20020100.0
2020-11-19,34.2,35.1,33.99,34.62,20997400.0
2020-11-20,34.59,34.8,33.9,34.25,12359800.0
2020-11-23,34.56,35.07,34.31,34.52,17512500.0
2020-11-24,34.74,36.06,34.74,35.44,22541800.0
2020-11-25,35.4,35.63,34.65,35.34,13708100.0
2020-11-26,35.07,35.19,34.41,34.78,9168500.0
2020-11-27,34.89,35.31,34.5,34.61,9632200.0
2020-11-30,34.5,34.58,33.75,33.86,19409500.0
2020-12-01,34.53,35.37,34.34,34.79,19383800.0
2020-12-02,34.79,35.33,34.55,34.94,12292600.0
2020-12-03,34.99,35.88,34.88,35.24,21574900.0
2020-12-04,35.6,35.98,35.22,35.98,14127700.0
2020-12-07,35.81,37.27,35.61,36.5,24015800.0
2020-12-08,36.52,37.58,36.06,36.46,18974300.0
2020-12-09,36.62,36.9,35.94,35.96,12855300.0
2020-12-10,36.25,38.0,36.23,37.83,26347300.0
2020-12-11,37.4,38.73,37.17,38.49,24970200.0
2020-12-14,38.59,39.33,38.4,38.5,24822600.0
2020-12-15,38.8,39.5,38.71,38.99,15248300.0
2020-12-16,39.22,39.79,38.24,39.35,26508400.0
2020-12-17,39.37,39.77,38.91,39.39,11419600.0
2020-12-18,39.29,39.63,38.9,39.1,12473800.0
2020-12-21,38.11,38.48,37.67,37.79,18718600.0
2020-12-22,38.14,38.86,38.0,38.29,10770400.0
2020-12-23,38.57,39.18,38.27,38.92,9176300.0
2020-12-28,39.32,39.55,39.2,39.35,7577200.0
2020-12-29,39.5,39.6,38.95,39.12,7301400.0
2020-12-30,39.28,39.35,38.66,38.8,8594000.0
2021-01-04,39.23,39.29,37.5,37.59,13874600.0
2021-01-05,37.45,37.45,36.7,37.2,15954000.0
2021-01-06,37.53,38.73,37.38,37.99,20566700.0
2021-01-07,38.12,39.7,37.92,39.56,21878700.0
2021-01-08,39.85,40.56,39.29,39.79,16236900.0
2021-01-11,39.55,39.9,38.8,39.14,16880400.0
2021-01-12,39.66,39.79,38.89,39.5,15519000.0
2021-01-13,39.5,39.7,37.24,37.55,34866200.0
2021-01-14,37.76,38.15,36.84,37.46,39535200.0
2021-01-15,37.2,37.45,36.3,36.3,29147400.0
2021-01-18,36.66,37.03,35.81,35.93,23849800.0
2021-01-19,36.3,36.33,35.04,35.32,19512600.0
2021-01-20,35.49,35.58,34.51,34.53,22693600.0
2021-01-21,34.55,34.81,33.73,34.18,23303500.0
2021-01-22,33.62,33.82,33.24,33.69,20405700.0
2021-01-26,33.96,34.24,32.61,32.79,26922300.0
2021-01-27,32.73,34.03,32.52,33.59,25080200.0
2021-01-28,33.57,34.95,33.48,34.54,20932100.0
2021-01-29,34.1,34.67,33.65,33.86,17492800.0
2021-02-01,34.32,34.5,33.83,34.29,16762600.0
2021-02-02,34.76,35.1,33.84,34.06,19800900.0
2021-02-03,34.3,34.74,34.18,34.33,10473000.0
2021-02-04,34.6,34.72,34.02,34.19,10074200.0
2021-02-05,34.28,34.48,33.8,33.96,12743600.0
2021-02-08,33.94,34.25,33.6,33.87,11651600.0
2021-02-09,33.77,34.5,33.65,34.28,15307000.0
2021-02-10,34.28,34.48,33.75,33.81,14228800.0
2021-02-11,34.0,34.36,33.76,33.94,9944000.0
2021-02-12,33.76,34.14,33.2,33.75,17673000.0
2021-02-17,33.69,33.83,33.33,33.36,13571900.0
2021-02-18,33.36,33.63,33.03,33.26,17165700.0
2021-02-19,33.12,33.41,32.53,32.63,27407500.0
2021-02-22,29.5,29.86,28.56,28.83,102036100.0
2021-02-23,29.6,30.78,29.52,30.43,47768000.0
2021-02-24,30.75,30.88,29.77,30.31,20598000.0
2021-02-25,30.44,31.08,29.32,29.5,27312700.0
2021-02-26,29.61,29.84,27.91,28.05,46859800.0
2021-03-01,28.65,28.79,27.72,27.86,27784400.0
2021-03-02,27.45,29.39,27.02,28.93,36337300.0
2021-03-03,28.8,29.68,28.01,28.99,26952400.0
2021-03-04,29.21,30.47,29.1,30.04,23946500.0
2021-03-05,30.15,31.04,30.05,30.6,23139000.0
2021-03-08,29.99,30.77,29.07,29.2,24768200.0
2021-03-09,29.47,29.95,28.85,28.99,23057100.0
2021-03-10,29.18,29.91,28.66,29.9,20780600.0
2021-03-11,30.3,30.62,29.57,30.05,21384600.0
2021-03-12,29.8,30.12,29.66,30.0,12314700.0
2021-03-15,29.8,30.18,29.6,29.79,14346100.0
2021-03-16,29.89,29.92,29.26,29.87,18480700.0
2021-03-17,29.65,30.95,29.54,30.7,21944400.0
2021-03-18,30.71,31.41,30.41,30.44,21521400.0
2021-03-19,30.17,30.93,29.85,30.7,27534200.0
2021-03-22,30.52,31.05,30.23,30.79,12338300.0
2021-03-23,30.77,30.78,29.68,29.68,21292300.0
2021-03-24,29.88,30.29,29.1,29.14,18103100.0
2021-03-25,29.2,29.84,29.01,29.56,17702600.0
2021-03-26,29.6,29.92,29.21,29.66,14442000.0
2021-03-29,29.61,30.07,29.3,29.8,14477900.0
2021-03-30,29.64,30.78,29.61,30.72,17286700.0
2021-03-31,30.65,30.74,30.23,30.45,12536100.0
2021-04-01,30.77,30.8,29.9,29.95,12908100.0
2021-04-05,30.16,30.35,29.62,29.91,12511500.0
2021-04-06,29.98,30.1,29.45,29.55,13847900.0
2021-04-07,29.52,29.94,29.24,29.36,19617700.0
2021-04-08,29.52,29.59,29.0,29.11,17961400.0
2021-04-09,29.11,29.68,29.08,29.19,21269600.0
2021-04-12,29.45,29.55,29.23,29.55,9663800.0
2021-04-13,29.44,29.68,29.13,29.55,13239400.0
2021-04-14,29.62,29.86,29.31,29.6,19720400.0
2021-04-15,29.63,30.07,29.35,29.64,18173900.0
2021-04-16,29.59,29.85,29.5,29.77,12916500.0
2021-04-19,29.8,30.19,29.57,29.62,21396900.0
2021-04-20,29.63,30.46,29.63,30.1,23448800.0
2021-04-22,30.41,30.42,29.65,29.83,17794900.0
2021-04-23,29.91,30.29,29.83,30.07,14171900.0
2021-04-26,30.15,30.55,29.88,30.1,9794600.0
2021-04-27,30.06,30.1,29.66,29.77,12820100.0
2021-04-28,29.99,30.37,29.85,30.3,15045300.0
2021-04-29,30.3,30.52,29.57,29.64,14564200.0
2021-04-30,29.67,29.85,29.44,29.64,12528300.0
2021-05-03,29.82,30.03,29.55,29.75,10009500.0
2021-05-04,29.9,29.97,29.19,29.37,12156900.0
2021-05-05,29.58,29.58,28.81,29.26,16104800.0
2021-05-06,29.23,29.43,28.95,29.21,15535400.0
2021-05-07,30.0,30.48,29.76,29.94,26701900.0
2021-05-10,30.04,30.56,29.9,30.33,14505800.0
2021-05-11,30.1,30.55,30.03,30.55,11124700.0
2021-05-12,30.35,30.83,30.18,30.35,13709400.0
2021-05-13,30.5,31.35,30.4,31.16,21951100.0
2021-05-14,31.6,31.73,30.96,31.16,11986900.0
2021-05-17,31.34,31.86,31.14,31.71,12463700.0
2021-05-18,31.71,32.37,31.71,32.15,14800100.0
2021-05-19,31.8,32.8,31.53,32.7,14847400.0
2021-05-20,32.75,33.0,32.56,33.0,17308500.0
2021-05-21,33.0,33.22,32.7,33.08,14623000.0
2021-05-24,32.94,33.03,32.78,32.88,11053900.0
2021-05-25,32.94,33.02,32.21,32.44,9529700.0
2021-05-26,32.59,33.09,32.26,32.98,16073900.0
2021-05-27,32.94,33.6,32.69,33.43,17885500.0
2021-05-28,33.35,33.66,33.2,33.54,9006400.0
2021-05-31,33.51,33.8,33.35,33.49,6546100.0
2021-06-01,33.8,34.02,33.5,33.98,10663000.0
2021-06-02,33.99,35.37,33.96,35.2,26256200.0
2021-06-04,35.0,35.84,34.93,35.75,13846200.0
2021-06-07,35.77,36.75,35.5,36.52,21693500.0
2021-06-08,36.4,36.67,35.77,36.3,20752100.0
2021-06-09,36.2,36.36,34.98,35.6,21192200.0
2021-06-10,35.85,36.18,35.5,35.5,11692900.0
2021-06-11,35.6,35.6,35.04,35.4,9429200.0
2021-06-14,35.69,35.84,35.34,35.62,9417400.0
2021-06-15,35.81,35.81,35.05,35.5,10155600.0
2021-06-16,35.6,36.13,35.4,35.75,15605500.0
2021-06-17,35.83,36.22,34.79,34.9,18797700.0
2021-06-18,34.92,35.03,34.24,34.85,17607600.0
2021-06-21,34.76,34.95,34.43,34.58,10004700.0
2021-06-22,34.63,34.72,33.55,33.85,18449900.0
2021-06-23,33.89,34.35,33.7,33.85,10864300.0
2021-06-24,34.15,34.22,33.81,33.92,7313700.0
2021-06-25,34.08,34.17,32.81,32.9,12528300.0
2021-06-28,32.93,33.18,32.27,32.65,16374500.0
2021-06-29,32.7,32.77,32.22,32.43,10113300.0
2021-06-30,32.37,32.52,32.05,32.13,8861000.0
2021-07-01,32.22,32.35,31.71,31.79,10320700.0
2021-07-02,31.95,32.44,31.84,32.14,7868600.0
2021-07-05,32.01,32.11,31.82,31.94,5838400.0
2021-07-06,31.8,31.84,31.32,31.46,8081800.0
2021-07-07,31.73,31.94,31.28,31.88,7729200.0
2021-07-08,31.21,31.86,31.07,31.79,16946900.0
2021-07-12,32.02,32.65,31.98,32.6,8860600.0
2021-07-13,32.41,32.6,32.11,32.46,7606000.0
2021-07-14,32.79,33.42,32.46,32.68,16396800.0
2021-07-15,32.52,32.81,31.96,32.18,9200200.0
2021-07-16,32.3,32.53,31.72,31.79,7836000.0
2021-07-19,31.4,31.69,31.31,31.55,6986700.0
2021-07-20,31.6,32.18,31.3,32.11,7519500.0
2021-07-21,32.02,32.64,32.02,32.43,9789600.0
2021-07-22,32.38,32.55,31.88,31.95,6741800.0
2021-07-23,31.99,32.21,31.62,31.78,5336000.0
2021-07-26,31.74,32.32,31.74,32.27,6005300.0
2021-07-27,32.05,32.57,32.01,32.42,7378400.0
2021-07-28,32.57,32.9,32.4,32.9,9056100.0
2021-07-29,32.9,32.93,32.22,32.38,7576000.0
2021-07-30,32.05,32.55,31.45,31.63,13365000.0
2021-08-02,31.98,32.79,31.95,32.06,11632400.0
2021-08-03,32.23,32.33,31.42,31.88,8096400.0
2021-08-04,31.76,31.85,31.15,31.41,8633800.0
2021-08-05,32.05,32.55,30.82,30.85,19202000.0
2021-08-06,31.07,31.9,30.9,31.79,11722400.0
2021-08-09,31.76,32.25,31.5,31.5,10068600.0
2021-08-10,31.59,32.08,30.7,30.7,22650200.0
2021-08-11,30.83,30.84,30.23,30.4,22416400.0
2021-08-12,30.43,30.54,29.6,29.74,21441700.0
2021-08-13,29.91,30.03,29.19,29.5,25213300.0
2021-08-16,29.48,30.05,29.36,29.45,15974300.0
2021-08-17,29.52,29.69,29.0,29.33,16381300.0
2021-08-18,29.41,30.09,29.27,29.47,16004300.0
2021-08-19,29.23,29.91,29.12,29.67,12033600.0
2021-08-20,29.48,29.85,29.34,29.71,10023800.0
2021-08-23,29.74,30.1,29.65,29.98,18743900.0
2021-08-24,30.34,30.76,30.12,30.6,15474600.0
2021-08-25,30.47,30.51,30.13,30.5,8171000.0
2021-08-26,30.32,30.59,30.03,30.07,7772600.0
2021-08-27,30.31,30.6,30.0,30.53,6032000.0
2021-08-30,30.48,30.59,30.14,30.24,6458800.0
2021-08-31,30.3,30.9,30.24,30.43,13720700.0
2021-09-01,30.52,30.82,30.38,30.46,6483400.0
2021-09-02,30.3,30.45,29.12,29.2,14534400.0
2021-09-03,29.39,29.52,28.77,29.13,13909100.0
2021-09-06,29.12,29.68,29.0,29.65,5853300.0
2021-09-08,29.34,29.38,28.32,28.4,13217700.0
2021-09-09,28.55,29.3,28.16,28.9,13405900.0
2021-09-10,29.49,29.9,28.99,28.99,16986600.0
2021-09-13,29.72,29.96,29.4,29.63,9918100.0
2021-09-14,29.43,29.68,29.09,29.23,8095600.0
2021-09-15,29.26,29.28,28.92,29.0,8227700.0
2021-09-16,28.93,29.62,28.83,29.47,15250500.0
2021-09-17,29.25,29.54,28.94,28.94,18647400.0
2021-09-20,28.32,28.57,27.74,28.0,15658700.0
2021-09-21,28.48,28.76,28.1,28.71,13561300.0
2021-09-22,29.0,29.8,28.9,29.38,24484800.0
2021-09-23,29.51,29.74,29.27,29.45,16082600.0
2021-09-24,29.27,29.55,29.17,29.22,11986900.0
2021-09-27,29.26,30.21,29.17,29.87,18689900.0
2021-09-28,29.61,30.2,29.05,29.26,15831800.0
2021-09-29,29.52,29.68,29.25,29.42,11916800.0
2021-09-30,29.6,29.6,28.9,28.9,11438900.0
2021-10-01,29.03,29.59,28.9,29.55,9342400.0
2021-10-04,29.51,29.54,28.92,29.2,9734100.0
2021-10-05,29.3,30.78,29.19,30.59,29099200.0
2021-10-06,30.15,30.74,29.83,30.64,15806100.0
2021-10-07,30.73,31.08,30.18,30.32,11645800.0
2021-10-08,30.5,31.23,30.48,30.96,13409300.0
2021-10-11,31.06,31.18,30.59,30.72,7701500.0
2021-10-13,30.72,30.97,30.34,30.76,10136700.0
2021-10-14,30.98,31.14,30.55,30.61,10576200.0
2021-10-15,30.81,31.8,30.6,31.58,14131000.0
2021-10-18,31.25,32.37,31.14,32.21,14937200.0
2021-10-19,31.87,31.87,30.54,30.63,22730000.0
2021-10-20,31.0,31.54,30.55,31.14,12593200.0
2021-10-21,30.5,30.96,29.35,29.82,25587200.0
2021-10-22,29.64,29.64,27.91,28.91,32656800.0
2021-10-25,29.07,29.79,29.07,29.51,10986000.0
2021-10-26,29.29,29.54,28.95,29.2,11095000.0
2021-10-27,29.28,29.9,29.17,29.17,7507500.0
2021-10-28,29.25,29.29,28.64,28.91,8930900.0
2021-10-29,29.17,29.17,28.39,28.5,11086200.0
2021-11-01,28.96,29.59,28.82,29.15,8731800.0
2021-11-03,29.05,29.84,28.92,29.34,10964600.0
2021-11-04,29.39,29.52,28.47,28.65,11006300.0
2021-11-05,29.0,29.57,28.88,29.29,7575500.0
2021-11-08,29.0,29.66,28.92,29.48,7979400.0
2021-11-09,30.4,30.62,29.44,29.44,20778600.0
2021-11-10,29.52,31.07,29.5,30.79,20395200.0
2021-11-11,31.1,31.13,30.2,30.2,21432800.0
2021-11-12,30.31,30.68,29.97,30.15,8743400.0
2021-11-16,30.28,30.45,29.53,29.73,8770100.0
2021-11-17,29.76,30.1,29.29,29.31,13812000.0
2021-11-18,29.37,29.45,28.9,29.09,19431100.0
2021-11-19,29.15,29.31,28.91,29.05,18453100.0
2021-11-22,29.25,29.53,28.82,28.89,15693700.0
2021-11-23,28.88,29.77,28.3,29.69,16327900.0
2021-11-24,29.4,30.35,29.31,30.24,13914100.0
2021-11-25,30.37,31.81,30.3,31.81,24708300.0
2021-11-26,30.75,31.23,30.55,30.76,13317500.0
2021-11-29,31.18,31.64,30.81,30.81,11670900.0
2021-11-30,30.71,31.84,30.22,31.84,32592400.0
2021-12-01,32.5,32.8,31.3,31.3,25896100.0
2021-12-02,31.69,32.4,31.64,32.16,17649100.0
2021-12-03,32.21,32.66,31.83,32.2,17320300.0
2021-12-06,32.73,33.6,32.62,33.07,21267900.0
2021-12-07,33.6,33.6,32.48,32.6,12691900.0
2021-12-08,32.78,32.95,32.3,32.75,10293300.0
2021-12-09,32.8,32.92,31.88,32.02,9716600.0
2021-12-10,32.26,32.87,32.02,32.5,8293800.0
2021-12-13,32.5,33.07,32.23,32.23,12028400.0
2021-12-14,32.48,32.92,31.9,32.06,14509300.0
2021-12-15,32.21,32.23,30.74,31.51,22409300.0
2021-12-16,31.71,32.14,31.09,31.41,15768800.0
2021-12-17,31.12,31.32,30.15,30.33,22789500.0
2021-12-20,29.97,29.97,29.24,29.42,21291400.0
2021-12-21,29.75,30.1,29.5,29.5,11766900.0
2021-12-22,29.6,29.65,29.16,29.33,12478200.0
2021-12-23,29.3,29.48,29.16,29.22,7337800.0
2021-12-27,29.25,29.49,29.2,29.28,5746200.0
2021-12-28,29.34,29.39,29.01,29.11,8640700.0
2021-12-29,29.18,29.31,28.94,28.96,7666400.0
2021-12-30,29.13,29.19,28.77,28.85,12582800.0
2022-01-03,29.13,29.76,28.8,28.82,16169300.0
2022-01-04,29.12,29.15,28.62,28.85,11714800.0
2022-01-05,28.82,28.98,28.2,28.37,13162800.0
2022-01-06,28.42,28.86,28.2,28.6,10135500.0
2022-01-07,28.61,28.82,28.4,28.63,8188700.0
2022-01-10,28.54,29.09,28.45,28.78,9173700.0
2022-01-11,28.72,29.02,28.68,28.9,12649200.0
2022-01-12,28.92,29.36,28.85,29.18,14166100.0
2022-01-13,29.06,30.02,29.06,29.65,17158100.0
2022-01-14,29.7,30.67,29.7,30.41,17020900.0
2022-01-17,30.45,30.69,30.05,30.47,9449800.0
2022-01-18,30.31,30.94,30.23,30.74,12449900.0
2022-01-19,30.96,31.29,30.71,31.01,13372800.0
2022-01-20,31.11,31.5,31.0,31.2,11361000.0
2022-01-21,31.15,31.54,30.89,31.2,14341200.0
2022-01-24,31.13,31.75,30.95,31.35,15750300.0
2022-01-25,31.24,32.39,31.08,32.16,16631000.0
2022-01-26,32.31,32.63,31.68,31.85,19772300.0
2022-01-27,31.99,32.71,31.95,32.29,15457000.0
2022-01-28,32.29,32.59,32.02,32.49,14580000.0
2022-01-31,32.44,32.94,32.27,32.66,11010600.0
2022-02-01,32.8,32.83,32.35,32.61,8298100.0
2022-02-02,32.52,32.6,31.77,32.07,11941900.0
2022-02-03,32.08,32.58,32.02,32.29,11751300.0
2022-02-04,32.2,32.41,32.01,32.23,7384200.0
2022-02-07,32.13,32.38,31.84,31.86,8555700.0
2022-02-08,31.82,32.37,31.49,32.2,11923400.0
2022-02-09,32.1,32.51,31.7,31.92,16377100.0
2022-02-10,32.0,32.64,31.86,32.27,14344300.0
2022-02-11,32.46,33.59,32.44,33.4,32331800.0
2022-02-14,33.4,33.74,33.12,33.54,16485500.0
2022-02-15,35.5,35.7,34.94,35.13,49098300.0
2022-02-16,35.18,35.79,35.11,35.33,17748100.0
2022-02-17,35.31,35.73,35.17,35.33,14383100.0
2022-02-18,35.41,36.23,35.38,36.05,21094400.0
2022-02-21,36.14,36.23,34.97,35.28,12054400.0
2022-02-22,35.4,36.11,35.37,35.61,29850400.0
2022-02-23,35.8,36.12,35.61,35.79,13340300.0
2022-02-24,34.63,35.1,34.09,34.65,23380700.0
2022-02-25,34.71,35.21,34.53,35.21,17365700.0
2022-03-02,35.1,35.8,34.93,35.6,12685900.0
2022-03-03,34.85,35.23,34.56,34.77,12833600.0
2022-03-04,34.63,34.77,33.53,33.9,15938800.0
2022-03-07,33.52,33.77,32.3,32.45,15377300.0
2022-03-08,32.66,32.99,32.37,32.7,8981800.0
2022-03-09,33.11,34.61,33.06,34.55,27836500.0
2022-03-10,34.32,34.51,33.55,34.1,10860900.0
2022-03-11,34.26,34.7,33.24,33.42,12241200.0
2022-03-14,33.56,34.35,33.52,33.63,10706500.0
2022-03-15,33.41,33.45,32.76,33.04,10413700.0
2022-03-16,33.2,33.48,32.59,33.48,11677000.0
2022-03-17,33.46,33.99,33.11,33.79,10446400.0
2022-03-18,33.94,34.03,33.52,33.72,14242800.0
2022-03-21,33.8,34.55,33.66,34.41,9098000.0
2022-03-22,34.6,35.35,34.6,35.1,11713100.0
2022-03-23,35.0,35.2,34.69,34.92,8049000.0
2022-03-24,34.98,35.67,34.88,35.32,8283100.0
2022-03-25,35.35,35.72,35.07,35.3,7629100.0
2022-03-28,35.43,35.57,34.8,34.96,6646000.0
2022-03-29,35.4,35.56,34.76,35.11,9089400.0
2022-03-30,35.09,35.09,34.53,34.9,6693100.0
2022-03-31,34.78,35.55,34.44,34.7,22529400.0
2022-04-01,34.95,35.08,34.31,34.68,26102900.0
2022-04-04,34.48,34.57,33.92,34.36,9838800.0
2022-04-05,34.27,34.33,33.36,33.45,14552500.0
2022-04-06,33.45,33.75,33.14,33.62,13218800.0
2022-04-07,33.32,34.59,33.31,34.24,15017200.0
2022-04-08,34.08,34.99,34.03,34.85,13053600.0
2022-04-11,34.65,35.24,34.4,35.07,10397300.0
2022-04-12,35.21,35.49,34.86,35.0,12391200.0
2022-04-13,35.41,35.45,34.9,35.17,12782100.0
2022-04-14,35.09,35.54,35.07,35.2,10619100.0
2022-04-18,35.19,36.5,35.12,36.5,22491400.0
2022-04-19,36.38,36.68,35.05,35.21,17824800.0
2022-04-20,35.24,35.27,34.81,35.16,11251400.0
2022-04-22,34.73,34.77,34.15,34.43,10851400.0
2022-04-25,34.25,34.95,33.97,34.7,11276900.0
2022-04-26,34.4,34.56,33.5,33.92,13915900.0
2022-04-27,34.35,34.8,33.9,34.07,9699800.0
2022-04-28,34.17,34.4,33.58,34.01,9895000.0
2022-04-29,34.2,34.68,33.1,33.22,16943100.0
2022-05-02,33.27,33.57,32.53,32.98,10669700.0
2022-05-03,32.98,33.97,32.91,33.66,12850300.0
2022-05-04,33.54,34.78,33.2,34.64,13014300.0
2022-05-05,34.36,34.4,33.0,33.74,14101800.0
2022-05-06,33.67,34.65,33.31,33.85,13799800.0
2022-05-09,33.37,34.28,33.31,33.94,10078600.0
2022-05-10,34.16,34.26,33.31,33.55,9216700.0
2022-05-11,33.53,34.6,33.33,34.29,13604100.0
2022-05-12,34.8,35.35,34.54,35.16,24462200.0
2022-05-13,35.41,35.45,34.85,35.11,35700900.0
2022-05-16,35.18,35.69,35.06,35.42,18158700.0
2022-05-17,35.92,36.58,35.86,36.43,22148000.0
2022-05-18,36.4,36.88,35.73,35.91,12462900.0
2022-05-19,35.9,36.16,35.45,35.7,9397400.0
2022-05-20,36.27,37.02,36.12,37.0,25572800.0
2022-05-23,37.31,38.6,37.26,38.56,25311700.0
2022-05-24,37.6,38.04,37.03,37.8,23869100.0
2022-05-25,37.53,37.8,36.8,37.57,17302900.0
2022-05-26,37.41,38.07,37.33,37.46,12700700.0
2022-05-27,37.36,37.36,36.73,37.05,13362600.0
2022-05-30,37.2,37.2,35.25,36.07,25607700.0
2022-05-31,36.14,37.15,36.0,36.62,33669800.0
2022-06-01,37.0,37.0,36.05,36.69,13281600.0
2022-06-02,36.91,37.09,36.45,36.72,9533100.0
2022-06-03,36.61,36.62,35.97,36.21,8852800.0
2022-06-06,36.26,36.58,35.7,35.76,8293700.0
2022-06-07,35.6,35.86,35.36,35.51,7456600.0
2022-06-08,35.24,35.51,34.93,35.19,7977100.0
2022-06-09,35.05,35.59,34.92,35.14,10922100.0
2022-06-10,34.89,35.37,34.27,34.55,33759400.0
2022-06-13,34.11,34.44,33.5,33.76,14351900.0
2022-06-14,33.67,34.03,33.34,33.52,12966300.0
2022-06-15,33.84,34.49,33.67,34.05,13675200.0
2022-06-17,33.75,34.36,33.21,34.13,29207400.0
2022-06-20,34.21,34.93,33.57,34.39,14197500.0
2022-06-21,34.7,34.84,32.8,32.98,25611500.0
2022-06-22,32.8,33.37,32.45,32.86,24590200.0
2022-06-23,32.91,32.95,32.24,32.65,15443600.0
2022-06-24,32.87,32.98,32.1,32.46,9083200.0
2022-06-27,32.46,33.19,32.37,33.13,9410700.0
2022-06-28,33.4,33.91,32.88,33.25,12034100.0
2022-06-29,33.23,33.58,32.92,33.08,8088300.0
2022-06-30,32.65,33.58,32.24,33.38,18430600.0
2022-07-01,33.05,33.34,32.8,33.15,8347800.0
2022-07-04,33.11,33.23,32.8,33.04,5139200.0
2022-07-05,32.87,33.02,32.34,32.86,8645800.0
2022-07-06,32.68,33.08,32.2,32.65,10794600.0
2022-07-07,32.95,33.39,32.95,33.13,9687800.0
2022-07-08,33.17,33.64,33.06,33.45,8982700.0
2022-07-11,33.13,33.31,32.75,32.9,7029900.0
2022-07-12,32.99,33.12,32.44,33.01,7352900.0
2022-07-13,32.8,33.09,32.51,32.65,12606400.0
2022-07-14,32.5,32.69,31.92,32.61,12255500.0
2022-07-15,32.6,33.61,32.22,33.28,12164100.0
2022-07-18,33.5,34.07,33.35,33.75,10859000.0
2022-07-19,33.88,34.7,33.79,34.66,15287800.0
2022-07-20,34.54,35.03,34.39,34.67,9544700.0
2022-07-21,34.62,34.91,34.07,34.91,8713800.0
2022-07-22,34.92,35.15,34.41,34.67,6603200.0
2022-07-25,34.55,35.31,34.55,35.2,12148000.0
2022-07-26,35.36,35.79,35.13,35.32,11035100.0
2022-07-27,35.41,35.64,35.13,35.55,7165300.0
2022-07-28,35.65,36.32,35.44,36.21,8086600.0
2022-07-29,36.17,36.59,35.9,35.97,11789500.0
2022-08-01,35.98,36.22,35.52,35.68,11288900.0
2022-08-02,35.7,36.45,35.51,36.16,9801300.0
2022-08-03,36.23,36.58,35.88,36.41,7457200.0
2022-08-04,36.69,37.12,36.5,37.1,11649100.0
2022-08-05,37.1,37.83,36.95,37.79,10833100.0
2022-08-08,37.95,39.1,37.76,38.98,19395300.0
2022-08-09,39.1,39.94,38.83,39.63,17229600.0
2022-08-10,39.92,40.16,39.65,39.97,14035600.0
2022-08-11,42.15,42.38,41.56,41.74,61983300.0
2022-08-12,42.03,44.33,42.0,44.1,45053500.0
2022-08-15,43.69,43.76,42.82,42.99,19340300.0
2022-08-16,43.0,43.49,42.43,43.2,21073700.0
2022-08-17,42.83,43.43,42.4,42.81,25003300.0
2022-08-18,42.81,43.09,41.65,41.82,15788100.0
2022-08-19,41.28,41.75,40.36,41.05,27331500.0
2022-08-22,41.03,41.63,40.35,41.47,26526700.0
2022-08-23,40.91,42.0,40.9,41.52,13863100.0
2022-08-24,41.57,41.83,40.74,40.83,10942200.0
2022-08-25,41.21,41.8,40.84,41.8,18324500.0
2022-08-26,41.88,42.03,41.12,41.59,11250500.0
2022-08-29,41.53,42.8,41.36,42.45,13099200.0
2022-08-30,42.65,42.88,41.9,42.33,16775400.0
2022-08-31,42.39,42.76,41.48,41.69,17895700.0
2022-09-01,42.0,42.63,41.48,42.33,16141800.0
2022-09-02,42.58,43.08,42.41,42.53,12583800.0
2022-09-05,42.9,42.9,41.45,41.63,13484400.0
2022-09-06,40.31,40.35,39.2,39.63,33733300.0
2022-09-08,39.98,40.14,38.92,39.46,17410900.0
2022-09-09,39.93,40.9,39.82,40.55,22529800.0
2022-09-12,40.9,41.78,40.82,41.06,13045300.0
2022-09-13,40.06,40.8,39.87,40.22,16199000.0
2022-09-14,40.15,40.87,39.95,40.26,15282700.0
2022-09-15,40.33,40.64,39.73,39.85,21245400.0
2022-09-16,39.64,39.64,38.92,39.4,36081000.0
2022-09-19,39.01,40.38,38.3,40.18,15808400.0
2022-09-20,40.3,40.97,40.16,40.79,17327900.0
2022-09-21,40.97,41.05,40.27,40.5,12264900.0
2022-09-22,40.75,41.43,40.09,41.24,14375700.0
2022-09-23,40.8,40.9,40.08,40.73,17047900.0
2022-09-26,40.3,40.44,38.64,38.85,16781000.0
2022-09-27,39.17,39.2,38.49,38.54,11069900.0
2022-09-28,38.45,38.98,38.18,38.55,11328600.0
2022-09-29,38.1,38.49,37.86,38.34,18534100.0
2022-09-30,38.26,39.03,37.72,38.52,20510300.0
2022-10-03,41.05,42.2,40.5,41.46,44522500.0
2022-10-04,42.02,42.45,38.88,39.23,27491700.0
2022-10-05,39.26,40.35,38.74,39.86,22346300.0
2022-10-06,40.2,40.77,39.85,40.57,18121700.0
2022-10-07,40.56,40.81,40.11,40.66,13077300.0
2022-10-10,41.07,41.36,39.8,40.07,11473700.0
2022-10-11,39.79,40.07,38.85,39.11,14548000.0
2022-10-13,38.8,39.86,38.07,39.38,15071900.0
2022-10-14,39.66,40.18,38.68,39.16,12435500.0
2022-10-17,39.3,39.84,38.86,39.49,10020800.0
2022-10-18,39.96,41.52,39.76,41.52,22043500.0
2022-10-19,41.37,41.79,41.0,41.65,12698400.0
2022-10-20,41.9,43.68,41.7,43.6,35300000.0
2022-10-21,43.42,44.94,43.17,44.68,31828800.0
2022-10-24,43.62,43.68,40.2,40.2,37424200.0
2022-10-25,40.1,40.47,39.17,39.51,21267800.0
2022-10-26,39.11,39.14,37.18,38.11,32005500.0
2022-10-27,38.5,39.4,38.32,38.59,20534600.0
2022-10-28,38.24,38.9,37.95,38.82,20241800.0
2022-10-31,36.66,38.33,36.01,37.02,50654900.0
2022-11-01,37.4,38.8,36.9,37.9,24519400.0
2022-11-03,39.0,39.03,37.2,38.69,30380700.0
2022-11-04,38.96,39.98,38.81,39.26,27164800.0
2022-11-07,38.91,39.19,37.62,37.89,23671200.0
2022-11-08,37.78,38.3,37.32,38.07,14742300.0
2022-11-09,37.64,38.56,36.92,37.06,18987500.0
2022-11-10,37.0,37.68,35.67,36.33,64558100.0
2022-11-11,36.31,36.65,35.36,35.52,54156800.0
2022-11-14,36.0,36.8,35.65,36.4,23033900.0
2022-11-16,35.76,36.04,35.07,35.25,22549600.0
2022-11-17,35.02,35.22,33.64,34.5,40132700.0
2022-11-18,34.57,35.3,34.1,34.38,22606900.0
2022-11-21,34.53,35.42,34.21,35.2,21382900.0
2022-11-22,34.59,34.91,33.82,34.04,13218800.0
2022-11-23,33.8,34.53,33.51,34.46,13324500.0
2022-11-24,34.59,35.95,34.35,35.02,10819700.0
2022-11-25,35.11,35.23,33.92,34.21,9592300.0
2022-11-28,34.39,35.2,34.1,34.83,8237300.0
2022-11-29,35.0,35.73,34.59,35.25,9135200.0
2022-11-30,35.42,35.81,34.7,35.28,12799000.0
2022-12-01,35.12,35.56,34.72,35.24,9118400.0
2022-12-02,35.53,36.72,35.11,36.03,13806400.0
2022-12-05,35.95,35.96,35.02,35.2,10360600.0
2022-12-06,35.39,35.56,35.09,35.56,8629400.0
2022-12-07,35.6,35.94,35.48,35.48,6603300.0
2022-12-08,35.48,35.96,34.81,35.03,12269100.0
2022-12-09,35.09,35.18,34.59,34.98,7031900.0
2022-12-12,34.9,35.39,33.21,33.79,26554200.0
2022-12-13,33.81,33.95,31.86,31.86,21854900.0
2022-12-14,31.5,31.57,30.25,31.07,40011200.0
2022-12-15,30.72,32.53,30.51,31.95,47466100.0
2022-12-16,32.0,32.76,31.78,32.6,21707000.0
2022-12-19,32.71,33.45,32.51,32.95,15579000.0
2022-12-20,32.94,34.16,32.63,33.8,13249000.0
2022-12-21,34.1,34.46,33.74,34.12,8747500.0
2022-12-22,34.32,34.85,33.91,34.43,7398300.0
2022-12-23,34.53,35.64,34.53,35.28,8744400.0
2022-12-26,35.57,35.57,34.74,35.23,4552700.0
2022-12-27,35.45,35.45,33.9,34.06,8865800.0
2022-12-28,34.1,34.8,33.62,34.67,10725200.0
2022-12-29,34.83,35.04,34.4,34.73,9336500.0
2023-01-02,34.22,34.22,32.9,33.26,11778500.0
2023-01-03,33.26,33.4,32.42,32.64,10773700.0
2023-01-04,32.83,33.26,32.56,33.06,9759500.0
2023-01-05,33.29,34.74,33.08,34.57,16968800.0
2023-01-06,34.65,35.27,34.44,35.05,14752300.0
2023-01-09,34.73,35.05,34.48,34.71,10013600.0
2023-01-10,34.5,35.48,34.33,35.3,9654800.0
2023-01-11,35.3,35.85,35.06,35.8,14542400.0
2023-01-12,35.57,35.87,35.01,35.57,10086600.0
2023-01-13,35.5,35.85,34.95,35.65,10043500.0
2023-01-16,35.66,36.12,35.32,35.61,9218900.0
2023-01-17,35.79,37.7,35.54,37.7,26060500.0
2023-01-18,38.05,38.87,37.89,38.24,23234600.0
2023-01-19,38.0,39.32,37.55,39.11,23412100.0
2023-01-20,39.21,40.3,39.11,40.07,30664500.0
2023-01-23,40.07,41.25,39.13,39.77,29114500.0
2023-01-24,39.77,40.39,39.28,39.57,16577900.0
2023-01-25,39.41,40.99,38.87,40.65,15233000.0
2023-01-26,40.78,41.48,40.57,40.63,13150700.0
2023-01-27,40.92,40.96,39.69,40.18,12428300.0
2023-01-30,40.4,40.91,40.06,40.81,14247900.0
2023-01-31,40.95,41.2,40.42,40.7,14784600.0
2023-02-01,40.75,41.05,39.85,40.21,13155700.0
2023-02-02,40.01,41.15,39.25,39.45,18524300.0
2023-02-03,39.65,39.94,38.9,39.2,12167400.0
2023-02-06,39.07,39.72,38.62,39.42,13656900.0
2023-02-07,39.59,39.68,38.46,38.88,12441900.0
2023-02-08,39.17,39.95,38.91,39.8,22242800.0
2023-02-09,39.93,40.07,39.13,39.59,10654600.0
2023-02-10,39.35,40.61,38.94,40.37,14915700.0
2023-02-13,40.73,41.14,40.03,40.6,16244800.0
2023-02-14,42.28,42.75,41.25,41.55,59231000.0
2023-02-15,41.78,42.18,41.18,41.93,24571900.0
2023-02-16,41.65,42.59,41.37,42.4,21507400.0
2023-02-17,42.35,43.13,41.98,42.82,22299100.0
2023-02-22,42.8,42.81,41.66,41.76,11164100.0
2023-02-23,41.9,42.6,41.68,42.1,24147100.0
2023-02-24,41.36,41.53,40.24,40.48,12275400.0
2023-02-27,40.49,40.74,39.72,39.93,11236200.0
2023-02-28,40.14,40.79,39.9,40.3,16665100.0
2023-03-01,40.3,40.3,38.37,39.0,27264800.0
2023-03-02,39.0,39.08,37.37,37.43,17489300.0
2023-03-03,37.7,38.32,37.33,37.85,16858900.0
2023-03-06,37.87,39.01,37.87,38.71,10232600.0
2023-03-07,39.0,39.78,38.5,39.6,19313500.0
2023-03-08,39.7,40.38,39.57,40.0,13021300.0
2023-03-09,39.93,40.19,39.13,39.13,12388700.0
2023-03-10,39.0,39.06,38.02,38.39,12892900.0
2023-03-13,38.13,38.57,37.79,38.15,9110400.0
2023-03-14,37.92,38.14,37.23,37.51,11033300.0
2023-03-15,36.84,37.79,36.75,37.55,11552900.0
2023-03-16,37.67,38.16,37.3,37.95,12748400.0
2023-03-17,37.6,38.12,37.3,37.3,20864500.0
2023-03-20,37.31,38.08,36.7,37.09,10476600.0
2023-03-21,37.31,37.77,37.28,37.53,8866300.0
2023-03-22,37.54,38.25,37.4,37.62,11841400.0
2023-03-23,37.72,38.14,36.78,37.21,11212900.0
2023-03-24,37.33,37.93,37.05,37.59,7920400.0
2023-03-27,37.98,38.15,37.43,37.61,6885300.0
2023-03-28,37.61,38.08,37.51,37.87,7886900.0
2023-03-29,38.04,38.43,37.65,38.31,7144100.0
2023-03-30,38.95,39.19,38.4,39.01,13106800.0
2023-03-31,39.16,39.52,38.57,39.11,8416100.0
2023-04-03,39.21,39.28,38.21,38.65,8941800.0
2023-04-04,38.9,39.48,38.73,39.29,8219000.0
2023-04-05,39.35,39.68,38.83,39.15,7753800.0
2023-04-10,39.35,39.69,38.97,39.04,10918600.0
2023-04-11,39.3,40.13,39.25,39.94,13241600.0
2023-04-12,40.06,43.25,40.01,42.72,63763400.0
2023-04-13,42.64,43.39,42.4,42.7,18308500.0
2023-04-14,42.62,43.49,42.15,43.43,21031900.0
2023-04-17,43.37,43.75,43.02,43.53,12019800.0
2023-04-18,43.55,43.67,43.03,43.61,8650400.0
2023-04-19,43.39,43.52,42.84,43.1,10468700.0
2023-04-20,42.98,43.6,42.71,43.51,10210300.0
2023-04-24,43.42,44.04,43.05,43.42,10219800.0
2023-04-25,43.0,43.33,42.73,43.02,11802300.0
2023-04-26,43.26,43.26,42.52,42.67,11769800.0
2023-04-27,42.67,43.2,42.52,42.72,6152200.0
2023-04-28,43.01,43.3,42.35,42.86,10335300.0
2023-04-29,43.01,43.3,42.35,42.86,10398000.0
2023-05-02,42.76,42.76,41.72,41.84,12596500.0
2023-05-03,42.06,42.12,41.56,41.71,5610900.0
2023-05-04,42.0,42.45,41.54,42.18,7358200.0
2023-05-05,42.19,43.31,42.19,43.25,7137400.0
2023-05-06,42.19,43.36,42.19,43.25,7191100.0
2023-05-08,43.44,43.78,42.96,43.08,8060500.0
2023-05-09,42.99,43.41,42.67,42.95,9674100.0
2023-05-10,43.0,43.6,42.6,43.51,10508100.0
2023-05-11,43.42,44.62,43.07,44.4,13524800.0
2023-05-12,44.05,44.69,43.9,44.23,12195400.0
2023-05-15,44.49,44.85,44.03,44.44,8601300.0
2023-05-16,44.44,44.74,42.93,43.16,21408300.0
2023-05-17,43.25,43.85,42.93,43.23,17464800.0
2023-05-18,43.1,43.32,42.8,43.2,11686400.0
2023-05-19,43.34,44.12,42.99,44.04,33867500.0
2023-05-22,44.05,44.61,43.44,43.46,8053100.0
2023-05-23,43.48,44.63,43.34,44.48,12855100.0
2023-05-24,44.48,44.98,44.16,44.64,10881800.0
2023-05-25,45.0,45.4,44.66,44.66,11652600.0
2023-05-26,45.25,45.32,44.15,44.4,9577000.0
2023-05-29,44.56,44.56,44.01,44.32,3305100.0
2023-05-30,44.8,44.86,44.21,44.7,18403400.0
2023-05-31,44.74,45.14,44.52,44.62,17377300.0
2023-06-01,44.79,45.03,44.26,44.74,10120000.0
2023-06-02,44.71,44.95,44.18,44.87,10458200.0
2023-06-05,44.6,45.29,44.15,45.02,13587400.0
2023-06-06,45.03,46.16,44.96,45.54,11435200.0
2023-06-07,45.73,45.89,45.52,45.52,11085800.0
2023-06-09,45.74,47.74,45.74,47.74,18394400.0
2023-06-12,48.07,49.74,47.97,49.47,38478900.0
2023-06-13,49.18,49.49,48.39,48.62,13244100.0
2023-06-14,48.8,49.0,48.1,48.86,13020100.0
2023-06-15,48.9,50.24,48.7,49.86,20916200.0
2023-06-16,49.84,49.91,49.25,49.49,15163400.0
2023-06-19,49.57,50.47,49.52,50.41,5876400.0
2023-06-20,50.29,50.46,49.95,50.4,8509500.0
2023-06-21,50.2,51.99,50.14,51.99,13655800.0
2023-06-22,51.64,51.86,50.66,51.0,8918700.0
2023-06-23,51.11,51.14,50.56,51.02,6718800.0
2023-06-26,50.74,51.39,50.45,51.14,8408100.0
2023-06-27,51.17,51.48,49.87,50.2,12877100.0
2023-06-28,50.11,50.2,49.23,49.59,7723300.0
2023-06-29,49.56,50.2,49.22,50.05,8246200.0
2023-06-30,50.4,50.8,48.93,49.4,13960900.0
2023-07-03,49.56,50.5,49.52,50.39,12977700.0
2023-07-04,50.39,50.45,49.83,50.07,3759000.0
2023-07-05,50.0,50.01,49.4,49.74,5608300.0
2023-07-06,49.53,49.58,48.64,49.01,9544500.0
2023-07-07,49.04,50.32,49.04,49.96,11504900.0
2023-07-10,49.99,50.05,48.79,49.04,8849200.0
2023-07-11,49.0,49.02,47.88,48.34,12330400.0
2023-07-12,48.94,48.94,47.36,47.56,12156600.0
2023-07-13,47.86,48.38,47.59,48.01,7008800.0
2023-07-14,47.96,48.71,47.41,47.69,13080300.0
2023-07-17,47.8,48.19,47.46,48.11,5354900.0
2023-07-18,48.1,48.45,47.84,48.27,4509600.0
2023-07-19,48.4,48.4,47.32,47.43,8079500.0
2023-07-20,47.56,48.05,47.4,47.95,6743400.0
2023-07-21,47.95,48.85,47.95,48.52,10074800.0
2023-07-24,48.24,48.85,47.18,47.57,17805200.0
2023-07-25,48.26,48.26,47.3,47.32,10729700.0
2023-07-26,47.41,47.8,47.07,47.72,12370300.0
2023-07-27,47.72,47.76,46.65,46.74,11648600.0
2023-07-28,47.13,47.57,46.86,47.28,7204300.0
2023-07-31,47.6,48.32,47.48,48.19,10368400.0
2023-08-01,47.92,48.03,46.94,47.36,12649900.0
2023-08-02,47.26,47.76,47.1,47.57,5569600.0
2023-08-03,47.9,47.98,47.34,47.65,8341100.0
2023-08-04,47.5,47.96,47.05,47.4,11457000.0
2023-08-07,47.62,48.0,47.19,47.32,5713400.0
2023-08-08,47.23,47.39,46.36,46.99,11859900.0
2023-08-09,47.0,47.15,46.51,46.73,7575800.0
2023-08-10,47.1,47.3,46.73,46.97,12415600.0
2023-08-11,47.18,47.66,47.04,47.48,8608300.0
2023-08-14,47.69,47.69,46.94,47.01,6539100.0
2023-08-15,47.14,47.34,46.68,46.76,8668000.0
2023-08-16,46.81,47.73,46.81,47.16,11485900.0
2023-08-17,47.51,47.7,47.18,47.6,9152700.0
2023-08-18,47.58,48.12,47.33,47.79,10282800.0
2023-08-21,48.0,48.05,47.31,47.62,7833000.0
2023-08-22,47.2,48.08,47.08,47.97,7787400.0
2023-08-23,48.11,48.48,47.63,48.18,7733300.0
2023-08-24,48.1,48.1,47.33,47.55,6350100.0
2023-08-25,47.61,47.7,46.41,46.93,8950100.0
2023-08-28,47.16,48.5,46.95,48.28,7552300.0
2023-08-29,48.53,49.24,48.33,48.55,9772000.0
2023-08-30,48.7,48.88,47.8,47.85,5715000.0
2023-08-31,47.95,47.98,47.02,47.1,13156600.0
2023-09-01,47.23,47.7,47.19,47.42,5515200.0
2023-09-02,47.23,47.7,47.19,47.42,5537000.0
2023-09-04,47.5,47.7,47.18,47.27,3603300.0
2023-09-05,47.35,47.8,47.01,47.1,7624400.0
2023-09-06,47.22,47.45,46.77,46.78,7071800.0
2023-09-08,46.85,47.02,46.3,46.64,7710500.0
2023-09-11,47.08,47.54,46.84,47.38,7166300.0
2023-09-12,47.19,47.62,47.09,47.3,7650700.0
2023-09-13,47.35,47.9,47.13,47.26,7355500.0
2023-09-14,47.49,47.92,47.19,47.39,7271200.0
2023-09-15,47.42,47.7,47.11,47.55,10728500.0
2023-09-18,47.64,48.11,47.35,47.35,10074400.0
2023-09-19,47.35,47.77,47.07,47.28,7624100.0
2023-09-20,47.32,48.25,47.27,47.7,7366600.0
2023-09-21,47.32,47.39,46.47,46.61,8276100.0
2023-09-22,46.76,47.13,46.6,46.69,5340000.0
2023-09-25,46.62,46.77,46.17,46.42,9103900.0
2023-09-26,46.03,46.22,45.57,45.76,11772400.0
2023-09-27,46.15,46.51,45.62,46.16,11022900.0
2023-09-28,46.29,47.8,46.23,47.64,11877500.0
2023-09-29,47.84,47.89,47.1,47.18,5435600.0
2023-10-02,47.17,47.35,46.9,47.05,4717700.0
2023-10-03,47.08,47.12,46.32,46.45,6386800.0
2023-10-04,46.6,47.07,46.18,46.8,8180100.0
2023-10-05,46.78,47.84,46.6,46.94,7756200.0
2023-10-06,46.94,49.23,46.71,48.85,20527400.0
2023-10-09,48.54,48.91,48.23,48.59,9836700.0
2023-10-10,48.65,49.13,48.47,48.51,9821000.0
2023-10-11,48.52,49.15,48.51,48.97,8219700.0
2023-10-13,49.09,49.33,48.65,48.82,10936600.0
2023-10-16,49.36,49.99,49.18,49.81,7702600.0
2023-10-17,49.6,50.28,49.2,49.36,8079200.0
2023-10-18,49.06,49.7,48.9,49.12,11388500.0
2023-10-19,49.12,50.12,48.96,49.5,8117800.0
2023-10-20,49.37,50.21,49.15,49.34,9870400.0
2023-10-23,49.28,49.79,48.83,49.27,7883000.0
2023-10-24,49.5,49.84,48.71,49.04,8508500.0
2023-10-25,49.08,49.64,48.89,49.05,6303200.0
2023-10-26,49.14,50.2,48.96,50.07,9747000.0
2023-10-27,49.9,50.06,48.53,48.8,10129800.0
2023-10-30,49.0,49.22,48.22,48.46,8972800.0
2023-10-31,48.48,48.85,47.78,48.35,7009700.0
2023-11-01,48.36,48.74,48.08,48.4,10827900.0
2023-11-03,48.95,50.46,48.85,50.1,12353700.0
2023-11-06,50.29,50.65,50.0,50.45,6108400.0
2023-11-07,50.45,51.19,50.13,51.02,14527500.0
2023-11-08,51.08,51.74,51.02,51.67,9488000.0
2023-11-09,51.0,51.36,49.22,49.51,31213600.0
2023-11-10,49.77,50.39,49.46,50.24,8916200.0
2023-11-13,50.1,50.29,49.83,50.05,4820800.0
2023-11-14,50.18,50.94,49.97,50.29,18930000.0
2023-11-16,50.3,50.48,49.86,50.28,17112600.0
2023-11-17,50.28,50.96,50.22,50.66,12213500.0
2023-11-20,50.94,51.3,50.29,50.93,7535300.0
2023-11-21,50.93,51.42,50.77,51.29,10321000.0
2023-11-22,50.6,51.36,50.6,50.85,8097800.0
2023-11-23,50.8,51.48,50.8,51.02,4123800.0
2023-11-24,51.07,51.28,50.7,50.96,4407500.0
2023-11-27,51.15,51.98,51.07,51.9,11307200.0
2023-11-28,51.97,52.8,51.96,52.65,9816600.0
2023-11-29,52.77,53.05,52.36,52.73,10510000.0
2023-11-30,52.73,54.38,52.73,54.27,17708200.0
2023-12-01,54.35,54.8,53.88,54.38,9473200.0
2023-12-04,54.3,54.81,53.96,54.17,6957900.0
2023-12-05,54.16,54.54,54.01,54.17,5862900.0
2023-12-06,54.38,54.48,52.9,53.01,8820100.0
2023-12-07,53.0,53.89,53.0,53.87,5780700.0
2023-12-08,53.9,54.6,53.66,54.45,10392100.0
2023-12-11,54.45,54.71,54.07,54.44,5737000.0
2023-12-12,53.8,53.8,52.41,52.5,12531800.0
2023-12-13,52.47,53.26,51.64,52.98,18080000.0
2023-12-14,53.5,53.56,52.4,53.33,18436600.0
2023-12-15,53.25,54.61,52.82,54.61,18158500.0
2023-12-18,54.67,55.03,54.17,54.65,7759100.0
2023-12-19,54.57,54.92,54.3,54.85,7733500.0
2023-12-20,54.85,55.0,54.06,54.21,7826900.0
2023-12-21,54.8,54.8,53.89,54.29,10003900.0
2023-12-22,54.5,54.62,54.07,54.44,7303200.0
2023-12-26,54.44,54.96,54.3,54.94,3983200.0
2023-12-27,54.8,54.97,54.58,54.86,3372500.0
2023-12-28,54.86,55.39,54.69,55.39,5840400.0
2024-01-02,55.12,55.28,54.45,54.76,8170500.0
2024-01-03,54.68,55.07,54.5,54.81,8148400.0
2024-01-04,54.75,54.9,54.12,54.23,8099900.0
2024-01-05,54.18,55.13,54.0,54.88,8227900.0
2024-01-08,55.05,55.48,54.78,55.35,9053800.0
2024-01-09,55.09,55.15,54.28,54.52,7683800.0
2024-01-10,54.17,54.67,54.17,54.43,4939300.0
2024-01-11,54.4,54.85,54.22,54.8,6743100.0
2024-01-12,54.8,55.2,54.31,55.12,5063300.0
2024-01-15,55.1,56.2,55.0,56.2,8413800.0
2024-01-16,55.96,56.47,55.77,55.88,8972200.0
2024-01-17,55.81,56.1,55.63,55.99,9683100.0
2024-01-18,56.05,56.11,55.26,55.34,7324400.0
2024-01-19,55.53,56.35,55.28,55.92,12652500.0
2024-01-22,56.07,56.13,55.36,55.55,6545700.0
2024-01-23,55.81,56.59,55.55,56.54,10067200.0
2024-01-24,56.68,57.04,56.44,56.65,6671300.0
2024-01-25,56.75,57.0,56.53,56.58,6005600.0
2024-01-26,56.64,56.99,56.55,56.97,8196100.0
2024-01-29,56.96,57.03,56.06,56.52,5632300.0
2024-01-30,56.49,56.5,55.95,56.23,5929900.0
2024-01-31,56.4,56.84,56.12,56.45,6556000.0
2024-02-01,56.45,57.74,56.3,57.74,11324300.0
2024-02-02,57.7,57.87,57.14,57.72,7484500.0
2024-02-05,57.73,58.34,57.35,58.34,7574400.0
2024-02-06,58.42,59.73,58.4,59.6,8289000.0
2024-02-07,59.57,59.8,58.67,59.44,8176500.0
2024-02-08,59.46,59.73,58.26,58.54,10599600.0
2024-02-09,58.5,58.58,55.3,57.57,24065300.0
2024-02-14,57.36,58.38,57.08,58.35,8598300.0
2024-02-15,58.35,58.59,58.01,58.36,8008600.0
2024-02-16,58.58,58.8,57.41,57.87,9489500.0
2024-02-19,57.92,59.05,57.6,58.92,9131800.0
2024-02-20,58.86,59.91,58.74,59.3,18413200.0
2024-02-21,59.32,59.59,59.06,59.44,22916100.0
2024-02-22,58.69,58.76,57.92,58.1,9899200.0
2024-02-23,58.13,58.26,57.14,57.38,10270700.0
2024-02-26,57.41,58.19,57.25,57.93,6720900.0
2024-02-27,58.19,58.75,58.0,58.63,6980100.0
2024-02-28,58.58,59.14,58.41,58.75,6167500.0
2024-02-29,58.75,58.92,57.7,57.86,10211800.0
2024-03-01,57.95,58.36,57.83,57.92,5125400.0
2024-03-04,58.02,58.21,57.47,57.68,6495100.0
2024-03-05,57.8,58.37,57.69,58.08,4706000.0
2024-03-06,58.22,59.01,58.1,58.94,6241300.0
2024-03-07,58.94,59.11,58.25,58.38,7428900.0
2024-03-08,57.01,58.17,56.03,57.81,20000600.0
2024-03-11,57.7,57.7,56.9,57.23,12559900.0
2024-03-12,57.01,58.11,56.63,57.6,11354900.0
2024-03-13,57.51,57.74,56.88,56.96,10186100.0
2024-03-14,56.95,57.35,56.59,56.71,10340400.0
2024-03-15,56.82,57.52,56.77,57.29,14150500.0
2024-03-16,56.82,57.52,56.77,57.29,14195700.0
2024-03-18,57.3,57.78,55.82,56.03,11284200.0
2024-03-19,56.24,56.43,55.13,55.83,10106600.0
2024-03-20,55.83,56.5,55.41,56.43,8831100.0
2024-03-21,56.6,57.0,55.46,55.64,8850700.0
2024-03-22,55.67,55.98,55.25,55.41,6564300.0
2024-03-23,55.67,55.98,55.25,55.41,0.0
2024-03-25,55.43,56.13,55.27,55.63,6442400.0
2024-03-26,55.69,56.43,55.52,55.93,7733500.0
2024-03-27,56.17,56.24,55.34,55.97,7933600.0
2024-03-28,55.76,56.88,55.65,56.62,8520900.0
2024-04-01,56.7,56.92,55.71,56.08,5427800.0
2024-04-02,56.05,56.34,55.77,56.17,5247400.0
2024-04-03,56.09,56.64,55.65,56.39,7292800.0
2024-04-04,56.55,57.95,56.55,56.77,11662800.0
2024-04-05,56.9,57.08,56.45,57.01,6394200.0
2024-04-08,57.5,58.84,57.26,57.9,9824000.0
2024-04-09,58.25,58.77,58.18,58.39,4660000.0
2024-04-10,58.34,58.5,57.33,57.6,7050000.0
2024-04-11,57.5,58.07,57.34,57.74,6206100.0
2024-04-12,57.74,57.85,56.82,56.99,5641600.0
2024-04-15,57.26,57.34,56.21,56.46,7174400.0
2024-04-16,28.23,28.4,27.54,27.91,22855500.0
2024-04-17,28.0,28.17,27.78,27.97,17657500.0
2024-04-18,28.15,28.23,27.7,27.93,15326300.0
2024-04-19,28.02,28.02,27.66,27.71,18308900.0
2024-04-22,27.8,28.05,27.24,27.39,21219700.0
2024-04-23,27.37,27.73,27.01,27.6,21709600.0
2024-04-24,27.6,27.67,27.38,27.5,10999100.0
2024-04-25,27.54,27.65,27.23,27.38,11268300.0
2024-04-26,27.51,27.7,27.44,27.55,12563800.0
2024-04-29,27.57,27.66,27.38,27.55,8640300.0
2024-04-30,27.5,27.74,27.42,27.42,12200200.0
2024-05-02,27.54,27.78,27.38,27.71,14574700.0
2024-05-03,28.02,28.36,27.9,28.22,17286800.0
2024-05-06,28.3,28.44,28.16,28.38,9970600.0
2024-05-07,28.48,28.66,28.29,28.29,12550500.0
2024-05-08,28.27,28.52,28.01,28.38,13905300.0
2024-05-09,28.26,28.29,27.05,27.14,56461500.0
2024-05-10,27.35,27.75,27.35,27.62,23618800.0
2024-05-13,27.65,27.97,27.65,27.83,14212000.0
2024-05-14,27.87,28.07,27.83,28.01,13169200.0
2024-05-15,27.75,27.79,27.38,27.65,20262300.0
2024-05-16,27.85,27.96,27.65,27.68,9799300.0
2024-05-17,27.7,27.82,27.54,27.69,16921000.0
2024-05-20,27.65,28.05,27.62,27.92,16493700.0
2024-05-21,27.95,28.13,27.88,27.9,9979200.0
2024-05-22,27.82,27.92,27.41,27.5,15790100.0
2024-05-23,27.5,27.56,26.78,26.94,25503900.0
2024-05-24,27.01,27.14,26.8,27.08,13904800.0
2024-05-25,27.01,27.14,26.8,27.08,0.0
2024-05-27,27.14,27.47,27.08,27.41,31265200.0
2024-05-28,27.55,27.62,27.29,27.32,35234800.0
2024-05-29,27.47,27.47,27.12,27.32,25614500.0
2024-05-31,27.38,27.5,27.12,27.12,19075300.0
2024-06-03,27.18,27.39,27.07,27.15,27619900.0
2024-06-04,27.15,27.25,26.98,27.23,18245900.0
2024-06-05,27.25,27.4,27.15,27.29,14009300.0
2024-06-06,27.3,27.72,27.2,27.65,13663100.0
2024-06-07,27.5,27.68,27.08,27.18,13617700.0
2024-06-10,27.25,27.35,27.1,27.21,12661000.0
2024-06-11,27.36,27.6,27.25,27.51,10979300.0
2024-06-12,27.3,27.3,26.46,26.54,19065800.0
2024-06-13,26.62,26.8,26.51,26.72,13493500.0
2024-06-14,26.55,26.66,26.31,26.45,11112200.0
2024-06-17,26.45,26.48,26.22,26.45,10154500.0
2024-06-18,26.38,26.45,26.06,26.08,22450000.0
2024-06-19,26.09,26.34,26.03,26.27,12063600.0
2024-06-20,26.38,26.63,26.27,26.39,16430200.0
2024-06-21,26.4,26.62,26.28,26.61,34317100.0
2024-06-24,26.61,27.04,26.5,26.81,13217300.0
2024-06-25,26.81,26.95,26.65,26.89,10717200.0
2024-06-26,26.9,26.9,26.47,26.71,15068800.0
2024-06-27,26.79,26.82,26.41,26.7,17241700.0
2024-06-28,26.7,26.74,26.46,26.71,15548300.0
2024-06-29,26.7,26.74,26.46,26.71,15567200.0
2024-07-01,26.74,26.8,26.32,26.36,20405700.0
2024-07-02,26.42,26.56,26.38,26.45,16040900.0
2024-07-03,26.55,26.88,26.48,26.71,14410300.0
2024-07-04,26.9,26.97,26.61,26.85,10490500.0
2024-07-05,26.85,26.87,26.53,26.73,11950900.0
2024-07-08,26.69,26.69,26.19,26.29,19694800.0
2024-07-09,26.28,26.28,25.99,26.2,17999100.0
2024-07-10,26.32,26.62,26.24,26.61,20147500.0
2024-07-11,26.63,26.84,26.32,26.48,18886900.0
2024-07-12,26.57,26.83,26.4,26.83,15215800.0
2024-07-15,26.85,26.99,26.69,26.95,11492800.0
2024-07-16,26.99,27.14,26.91,27.04,11083000.0
2024-07-17,27.15,27.39,26.97,27.31,9572900.0
2024-07-18,27.34,27.63,27.14,27.19,10707900.0
2024-07-19,27.19,27.43,26.99,27.11,14068500.0
2024-07-22,27.17,27.31,27.02,27.14,11543200.0
2024-07-23,27.15,27.22,26.93,26.98,10926500.0
2024-07-24,27.05,27.08,26.81,26.87,9711900.0
2024-07-25,26.84,27.05,26.72,26.89,11879700.0
2024-07-26,26.89,27.16,26.72,27.12,10529900.0
2024-07-29,27.21,27.21,26.94,27.16,18320300.0
2024-07-30,27.16,27.19,26.86,26.95,10121700.0
2024-07-31,27.0,27.05,26.51,26.55,17741200.0
2024-08-01,26.65,26.72,26.22,26.37,22707000.0
2024-08-02,26.5,26.59,26.06,26.16,20146900.0
2024-08-05,26.0,26.33,25.6,26.2,20215700.0
2024-08-06,26.4,26.81,26.34,26.65,14774200.0
2024-08-07,26.85,26.95,26.19,26.3,18780600.0
2024-08-08,26.16,26.37,25.39,26.19,33774800.0
2024-08-09,26.3,26.63,26.25,26.55,12963300.0
2024-08-12,26.62,27.12,26.55,27.12,15360000.0
2024-08-13,27.2,27.53,27.13,27.47,12927300.0
2024-08-14,27.47,28.15,27.4,27.93,19353700.0
2024-08-15,27.99,28.44,27.93,28.15,11583300.0
2024-08-16,28.3,28.58,28.25,28.37,18523500.0
2024-08-17,28.3,28.58,28.25,28.37,18682500.0
2024-08-19,28.4,29.17,28.31,29.13,19930800.0
2024-08-20,29.17,29.3,29.05,29.26,16119400.0
2024-08-21,29.31,29.34,29.07,29.13,21825700.0
2024-08-22,28.61,28.61,27.87,28.01,15886500.0
2024-08-23,28.15,28.49,28.14,28.22,12033200.0
2024-08-26,28.22,28.45,28.1,28.33,9303900.0
2024-08-27,28.38,28.38,28.01,28.01,8241600.0
2024-08-28,28.0,28.2,27.89,28.18,9398500.0
2024-08-29,28.1,28.56,28.02,28.3,13684400.0
2024-08-30,28.2,28.27,27.98,28.12,31760100.0
2024-09-02,28.38,28.54,28.15,28.42,11856400.0
2024-09-03,28.44,28.77,28.38,28.68,14364200.0
2024-09-04,28.75,29.19,28.72,28.99,15489500.0
2024-09-05,29.06,29.27,28.9,29.25,8407200.0
2024-09-06,29.24,29.29,28.76,28.77,9629100.0
2024-09-09,28.86,29.13,28.71,29.13,14386400.0
2024-09-10,29.08,29.14,28.53,28.7,17679600.0
2024-09-11,28.9,28.98,28.67,28.71,9853400.0
2024-09-12,28.4,28.45,28.02,28.23,9873600.0
2024-09-13,28.3,28.63,28.25,28.42,9233100.0
2024-09-16,28.5,28.7,28.39,28.57,8926700.0
2024-09-17,28.57,28.61,28.25,28.39,7936400.0
2024-09-18,28.27,28.54,28.14,28.25,8582300.0
2024-09-19,28.36,28.44,27.91,27.91,14854300.0
2024-09-20,27.9,27.95,27.46,27.5,24323000.0
2024-09-23,27.5,27.55,27.27,27.4,12332000.0
2024-09-24,27.7,27.92,27.37,27.38,15203300.0
2024-09-25,27.5,27.56,27.21,27.3,13808000.0
2024-09-26,27.45,27.66,27.28,27.48,13091600.0
2024-09-27,27.48,27.62,27.2,27.25,14835500.0
2024-09-30,27.31,27.48,27.18,27.18,14737600.0
2024-10-01,27.1,27.25,26.88,27.08,19225900.0
2024-10-02,27.3,27.52,27.15,27.15,12630300.0
2024-10-03,27.11,27.12,26.75,26.9,19055500.0
2024-10-04,27.0,27.04,26.77,26.86,11885200.0
2024-10-07,27.05,27.12,26.83,26.99,9548600.0
2024-10-08,26.9,26.99,26.78,26.98,11704100.0
2024-10-09,26.8,26.91,26.35,26.43,19470300.0
2024-10-10,26.64,26.64,26.19,26.2,20425900.0
2024-10-11,26.28,26.46,26.17,26.33,12169800.0
2024-10-14,26.41,26.58,26.28,26.52,11903900.0
2024-10-15,26.67,26.74,26.42,26.47,14341900.0
2024-10-16,26.5,26.95,26.36,26.76,25969400.0
2024-10-17,26.68,26.83,26.5,26.72,12379600.0
2024-10-18,26.77,26.97,26.63,26.69,15733700.0
2024-10-21,26.69,26.96,26.54,26.62,25108700.0
2024-10-22,26.55,26.6,26.27,26.3,27352300.0
2024-10-23,26.3,26.44,26.16,26.33,12104600.0
2024-10-24,26.41,26.46,26.25,26.36,8706400.0
2024-10-25,26.36,26.5,26.25,26.37,7790800.0
2024-10-28,26.5,26.55,26.19,26.32,18152500.0
2024-10-29,26.37,26.45,26.15,26.17,13386900.0
2024-10-30,26.18,26.39,26.09,26.37,14362800.0
2024-10-31,26.33,26.46,26.23,26.33,11143000.0
2024-11-01,26.35,26.4,26.01,26.09,15181500.0
2024-11-04,26.27,26.42,26.15,26.24,12169700.0
2024-11-05,26.27,26.29,26.06,26.25,14050600.0
2024-11-06,26.1,26.37,25.94,26.3,12445400.0
2024-11-07,26.3,26.64,26.13,26.19,11667700.0
2024-11-08,26.1,26.13,25.9,25.99,15870000.0
2024-11-11,26.1,26.1,25.95,26.01,10515100.0
2024-11-12,26.01,26.09,25.8,25.95,15391500.0
2024-11-13,25.99,26.07,25.88,25.95,27198100.0
2024-11-14,25.78,25.79,24.79,25.37,80777700.0
2024-11-18,25.38,25.81,25.34,25.71,23386200.0
2024-11-19,25.77,25.95,25.64,25.85,29342400.0
2024-11-21,25.8,25.85,25.23,25.26,31594700.0
2024-11-22,25.46,25.6,25.22,25.6,13699000.0
2024-11-25,25.79,25.84,25.6,25.75,36581800.0
2024-11-26,25.36,25.78,25.21,25.67,22044000.0
2024-11-27,25.71,25.78,25.11,25.22,20884000.0
2024-11-28,25.19,25.21,24.41,24.48,26984000.0
2024-11-29,24.52,24.84,24.32,24.77,22571100.0
2024-11-30,24.52,24.9,24.32,24.77,22743200.0
2024-12-02,24.8,24.92,24.46,24.57,21487000.0
2024-12-03,24.71,24.9,24.65,24.87,22179600.0
2024-12-04,24.89,25.33,24.8,25.17,19375200.0
2024-12-05,25.39,25.6,25.27,25.48,18238400.0
2024-12-06,25.25,25.35,24.5,24.73,33645300.0
2024-12-09,24.84,24.89,24.42,24.67,17774100.0
2024-12-10,24.78,24.92,24.52,24.83,15266700.0
2024-12-11,24.9,25.65,24.67,25.36,29090900.0
2024-12-12,25.05,25.09,24.59,24.85,19824400.0
2024-12-13,24.85,24.99,24.5,24.51,17206100.0
2024-12-16,24.52,24.6,24.13,24.16,16061900.0
2024-12-17,24.25,24.49,24.01,24.42,27695800.0
2024-12-18,24.4,24.4,23.73,23.74,29428400.0
2024-12-19,23.81,24.05,23.75,23.89,16306300.0
2024-12-20,23.92,24.14,23.87,24.08,49163700.0
2024-12-23,24.07,24.13,23.88,23.92,12708100.0
2024-12-26,23.95,24.4,23.93,24.2,15208900.0
2024-12-27,24.34,24.37,24.11,24.11,10459500.0
2024-12-30,24.1,24.33,24.09,24.17,27146200.0
2025-01-02,24.17,24.28,23.84,23.92,14492900.0
2025-01-03,23.92,24.06,23.68,23.74,13769200.0
2025-01-06,23.98,24.05,23.81,23.96,12112300.0
2025-01-07,24.14,24.38,24.02,24.25,15724400.0
2025-01-08,24.23,24.27,23.95,24.16,16417000.0
2025-01-09,24.16,24.27,23.99,24.27,8286700.0
2025-01-10,24.25,24.44,24.13,24.21,17143900.0
2025-01-13,24.21,24.43,24.16,24.21,9941700.0
2025-01-14,24.25,24.67,24.17,24.65,18049200.0
2025-01-15,24.91,25.37,24.75,25.27,19626500.0
2025-01-16,25.28,25.46,25.11,25.38,13590200.0
2025-01-17,25.44,25.49,25.19,25.35,13153700.0
2025-01-20,25.35,25.6,25.26,25.43,10499700.0
2025-01-21,25.45,25.75,25.45,25.66,10675500.0
2025-01-22,25.58,26.28,25.57,26.13,19236600.0
2025-01-23,26.24,27.07,26.24,26.72,30067700.0
2025-01-24,26.71,26.85,26.51,26.62,9078800.0
2025-01-27,26.57,27.71,26.55,27.71,21719600.0
2025-01-28,27.69,27.7,27.32,27.53,13016900.0
2025-01-29,27.6,27.75,27.35,27.44,11592900.0
2025-01-30,27.37,27.94,27.28,27.64,22311000.0
2025-01-31,27.74,28.0,27.66,27.68,19668300.0
2025-02-03,27.6,27.72,27.36,27.61,13290300.0
2025-02-04,27.58,28.08,27.47,27.77,16154100.0
2025-02-05,27.82,28.12,27.59,27.83,13663000.0
2025-02-06,27.83,28.19,27.58,28.15,13960200.0
2025-02-07,28.15,28.28,27.67,27.78,15265200.0
2025-02-10,27.88,28.1,27.8,27.82,10942700.0
2025-02-11,27.86,28.22,27.86,28.06,18486400.0
2025-02-12,27.65,27.98,27.5,27.6,18063900.0
2025-02-13,27.59,27.59,27.28,27.45,19004600.0
2025-02-14,27.56,28.98,27.56,28.75,35286900.0
2025-02-17,28.74,29.5,28.71,29.16,21145100.0
2025-02-18,29.02,29.63,29.0,29.45,27342000.0
2025-02-19,29.28,29.29,28.66,28.86,22819400.0
2025-02-20,28.1,28.31,27.79,28.0,88971000.0
2025-02-21,28.0,28.05,27.64,27.98,20077100.0
2025-02-24,28.0,28.22,27.63,27.81,28014300.0
2025-02-25,27.82,28.33,27.82,28.23,16895800.0
2025-02-26,28.48,28.5,27.93,28.07,22481400.0
2025-02-27,28.03,28.27,27.87,27.96,31089200.0
2025-02-28,27.95,28.02,27.2,27.31,28252300.0
2025-03-05,27.31,27.94,27.25,27.77,18081300.0
2025-03-06,27.92,27.95,27.48,27.73,17819500.0
2025-03-07,27.63,28.25,27.5,28.06,16828200.0
2025-03-10,27.96,28.0,27.64,27.97,14412000.0
2025-03-11,28.0,28.07,27.51,27.72,20017000.0
2025-03-12,27.1,27.2,26.95,27.05,15033900.0
2025-03-13,27.05,27.62,26.74,27.49,18328000.0
2025-03-14,27.53,28.09,27.53,27.88,22838600.0
2025-03-17,27.87,28.56,27.84,28.46,19648900.0
2025-03-18,28.46,28.65,28.36,28.5,16775000.0
2025-03-19,28.51,28.74,28.39,28.39,18922500.0
2025-03-20,28.36,28.48,28.11,28.25,13985500.0
2025-03-21,28.35,28.48,28.07,28.37,66906300.0
2025-03-24,28.44,28.44,28.09,28.36,13464600.0
2025-03-25,28.36,28.75,28.35,28.47,15261400.0
2025-03-26,28.5,28.87,28.37,28.81,11884900.0
2025-03-27,28.82,28.85,28.48,28.69,14389500.0
2025-03-28,28.69,28.98,28.53,28.64,12419900.0
2025-03-31,28.5,28.51,27.95,28.19,17642700.0
2025-04-01,28.17,28.58,28.01,28.33,14171100.0
2025-04-02,28.4,28.55,28.12,28.35,9033700.0
2025-04-03,28.26,28.69,28.22,28.51,14791900.0
2025-04-04,28.2,28.33,27.78,27.98,15598100.0
2025-04-07,27.88,28.27,27.36,27.68,20517400.0
2025-04-08,28.03,28.21,27.4,27.63,21855100.0
2025-04-09,27.5,28.1,27.09,27.75,28741400.0
2025-04-10,27.71,27.72,27.14,27.56,18610500.0
2025-04-11,27.73,27.9,27.42,27.8,14740400.0
2025-04-14,27.97,28.21,27.87,28.07,13378300.0
2025-04-15,28.03,28.12,27.7,27.77,25433800.0
2025-04-16,27.78,27.89,27.38,27.65,21735400.0
2025-04-17,27.68,27.78,27.3,27.43,17289100.0
2025-04-22,27.4,27.92,27.35,27.78,14211600.0
2025-04-23,27.99,28.22,27.86,28.04,13793100.0
2025-04-24,28.04,28.06,27.04,27.7,37003200.0
2025-04-25,27.7,28.12,27.52,28.01,17870000.0
2025-04-28,28.01,28.41,27.85,28.35,14129700.0
2025-04-29,28.37,28.72,28.23,28.5,15850600.0
2025-04-30,28.41,28.93,28.36,28.93,15867900.0
2025-05-02,28.9,29.05,28.73,28.9,12289500.0
2025-05-05,29.16,29.45,29.01,29.12,19449500.0
2025-05-06,29.12,29.2,28.8,28.9,20065900.0
2025-05-07,28.96,29.35,28.84,29.31,31396700.0
2025-05-08,29.5,30.04,29.41,29.41,29468900.0
2025-05-09,29.48,30.0,29.46,29.53,19828700.0
2025-05-12,29.52,29.68,28.87,29.07,20603500.0
2025-05-13,29.11,29.71,29.07,29.66,20239000.0
2025-05-14,29.62,29.92,29.53,29.76,19685600.0
2025-05-15,29.76,29.91,29.17,29.4,40520000.0
2025-05-16,25.55,26.0,25.02,25.67,151426400.0
2025-05-19,25.65,25.7,25.01,25.04,60004200.0
2025-05-20,25.09,25.67,25.09,25.5,28078000.0
2025-05-21,25.58,25.66,25.17,25.26,33933100.0
2025-05-22,25.2,25.42,25.05,25.05,61129800.0
2025-05-23,25.07,25.09,24.42,24.42,35797300.0
2025-05-26,24.51,24.74,24.5,24.67,11534400.0
2025-05-27,24.92,25.21,24.55,24.57,30253900.0
2025-05-28,24.6,24.65,24.07,24.08,31700600.0
2025-05-29,24.03,24.07,23.64,23.7,43398900.0
2025-05-30,23.75,23.83,23.35,23.42,53162300.0
2025-06-02,23.52,23.6,23.16,23.28,36268800.0
2025-06-03,22.97,23.08,22.78,22.98,20832400.0
2025-06-04,23.06,23.13,22.35,22.35,38469100.0
2025-06-05,22.4,22.53,22.24,22.24,40306500.0
2025-06-06,22.35,22.35,21.7,21.71,56659900.0
2025-06-09,21.71,22.0,21.47,21.73,47713300.0
2025-06-10,21.88,21.91,21.3,21.54,43092300.0
2025-06-11,21.5,21.83,21.4,21.4,32228100.0
2025-06-12,21.39,21.5,21.04,21.42,28710900.0
2025-06-13,21.38,21.65,21.24,21.59,33033700.0
2025-06-16,21.78,22.17,21.7,21.98,35118400.0
2025-06-17,22.02,22.07,21.71,21.9,33345300.0
2025-06-18,21.93,21.99,21.71,21.81,29776400.0
2025-06-20,21.8,21.81,21.35,21.35,32952400.0
2025-06-23,21.35,21.37,21.02,21.09,31206000.0
2025-06-24,21.23,21.67,21.07,21.44,19703100.0
2025-06-25,21.36,21.37,21.1,21.26,20659800.0
2025-06-26,21.29,21.6,21.23,21.6,34081400.0
2025-06-27,21.57,21.77,21.41,21.73,28128900.0
2025-06-30,21.74,22.25,21.55,22.09,28763500.0
2025-07-01,22.21,22.51,21.9,21.91,32448000.0
2025-07-02,21.91,22.07,21.58,21.99,22781500.0
2025-07-03,22.03,22.51,21.94,22.3,27335900.0
2025-07-04,22.27,22.54,22.17,22.43,15002500.0
2025-07-07,22.44,22.48,21.99,22.06,18607600.0
2025-07-08,22.06,22.26,22.0,22.0,19468700.0
2025-07-09,22.01,22.05,21.39,21.45,30185400.0
2025-07-10,21.2,21.53,21.16,21.21,27565700.0
2025-07-11,21.18,21.2,20.82,21.14,26044900.0
2025-07-12,21.18,21.24,20.82,21.14,26044900.0
2025-07-14,21.12,21.13,20.62,20.68,28395000.0
2025-07-15,20.75,21.06,20.71,20.9,30999200.0
2025-07-16,20.99,20.99,20.17,20.88,55147900.0
2025-07-17,20.84,20.9,20.58,20.74,28673400.0
2025-07-18,20.6,20.82,20.2,20.26,42591900.0
2025-07-21,20.36,20.41,19.86,19.86,42352600.0
2025-07-22,19.99,20.18,19.87,19.89,24707100.0
2025-07-23,19.95,20.42,19.87,20.21,35932600.0
2025-07-24,20.19,20.23,19.9,20.07,44775000.0
2025-07-25,20.19,20.47,20.13,20.24,38899700.0
2025-07-28,20.26,20.36,19.94,19.94,24985300.0
2025-07-29,20.03,20.06,19.88,19.95,37210200.0
2025-07-30,19.91,20.1,19.62,19.9,79807500.0
2025-07-31,19.83,19.83,19.6,19.7,37149600.0
2025-08-01,19.9,20.0,18.12,18.35,91196200.0
2025-08-04,18.54,19.02,18.46,18.72,54775000.0
2025-08-05,18.78,18.91,18.58,18.62,38162300.0
2025-08-06,18.82,18.96,18.7,18.7,34102000.0
2025-08-07,18.82,19.04,18.66,18.91,30090000.0
2025-08-08,18.95,19.23,18.81,18.93,38600300.0
2025-08-11,18.93,19.15,18.76,19.1,21789700.0
2025-08-12,19.26,19.53,19.21,19.24,26665200.0
2025-08-13,19.28,19.59,19.24,19.28,33738000.0
2025-08-14,19.16,19.96,19.07,19.85,70251100.0
2025-08-15,19.03,20.8,19.02,20.65,131820200.0
2025-08-18,20.57,21.18,20.15,21.07,59254100.0
2025-08-19,20.8,20.93,19.69,19.8,58349400.0
2025-08-20,19.77,20.03,19.53,19.86,38402300.0
2025-08-21,19.67,19.8,19.46,19.69,34799500.0
2025-08-22,19.69,20.7,19.62,20.5,38192400.0
2025-08-25,20.49,20.57,20.05,20.05,24054000.0
2025-08-26,20.06,20.42,19.93,20.38,35682300.0
2025-08-27,19.98,20.7,19.93,20.63,43263600.0
2025-08-28,20.86,21.31,20.83,21.05,29893700.0
2025-08-29,21.12,21.4,21.07,21.39,31255300.0
2025-09-01,21.4,21.53,20.96,21.09,17070500.0
2025-09-02,20.14,20.67,20.08,20.42,46246800.0
2025-09-03,20.41,20.55,20.08,20.28,27313600.0
2025-09-04,20.3,20.55,20.04,20.42,30302400.0
2025-09-05,20.81,21.44,20.77,21.15,40453000.0
2025-09-08,21.14,21.28,20.66,20.95,41757900.0
2025-09-09,21.1,21.44,20.93,21.4,36226500.0
2025-09-10,21.3,22.27,21.3,22.05,69024000.0
2025-09-11,22.09,22.55,22.04,22.22,41313800.0
2025-09-12,22.04,22.38,21.89,22.31,39368300.0
2025-09-15,22.32,22.4,21.82,21.87,36708800.0
2025-09-16,21.95,22.14,21.82,21.94,23706000.0
2025-09-17,21.96,22.2,21.67,21.87,39196600.0
2025-09-18,22.05,22.59,22.03,22.1,35973700.0
2025-09-19,22.1,22.2,21.62,21.62,49988600.0
2025-09-22,21.6,21.86,21.35,21.51,29380400.0
2025-09-23,21.64,22.15,21.52,22.13,84333800.0
2025-09-24,22.15,22.73,22.08,22.11,29027100.0
2025-09-25,22.17,22.17,21.73,21.79,28793600.0
2025-09-26,21.81,22.18,21.8,22.11,15230100.0
2025-09-29,22.34,22.46,22.0,22.12,17908100.0
2025-09-30,22.13,22.32,21.95,22.09,26500000.0
2025-10-01,22.1,22.19,21.31,21.93,33351400.0
2025-10-02,21.89,22.3,21.62,21.76,29996100.0
2025-10-03,21.84,21.98,21.5,21.58,16402600.0
2025-10-06,21.64,21.66,21.33,21.41,16949600.0
2025-10-07,21.31,21.35,21.07,21.21,18484400.0
2025-10-08,21.19,21.36,21.07,21.12,15223100.0
2025-10-09,21.23,21.34,21.01,21.19,12039500.0
2025-10-10,21.25,21.28,20.61,20.61,31221700.0
2025-10-13,20.76,20.97,20.73,20.88,14359200.0
2025-10-14,20.8,21.16,20.67,20.7,19911800.0
2025-10-15,20.7,20.7,20.23,20.32,59520500.0
2025-10-16,20.29,20.61,20.02,20.37,25380500.0
2025-10-17,20.37,20.9,20.16,20.9,69050600.0
2025-10-20,20.71,20.91,20.51,20.77,18843700.0
2025-10-21,20.76,20.76,20.37,20.54,25719800.0
2025-10-22,20.59,20.71,20.48,20.69,13590700.0
2025-10-23,20.74,20.85,20.55,20.65,11428700.0
2025-10-24,20.73,20.95,20.47,20.52,23127500.0
2025-10-27,20.72,20.88,20.57,20.85,21147500.0
2025-10-28,20.84,21.08,20.8,20.96,17489600.0
2025-10-29,21.04,21.45,21.04,21.22,17099800.0
2025-10-30,21.02,21.84,20.99,21.63,27700600.0
2025-10-31,21.76,22.18,21.75,21.9,31430300.0
2025-11-03,21.99,22.14,21.71,22.08,23059400.0
2025-11-04,21.97,22.38,21.96,22.27,18372500.0
2025-11-05,22.27,22.7,22.21,22.61,21186000.0
2025-11-06,22.61,22.9,22.52,22.86,23305100.0
2025-11-07,22.82,22.92,22.57,22.89,16303700.0
